{
    "channel": {
        "id": 1009638,
        "name": "DTH22-jajulca",
        "description": "Datos de temperatura y humedad",
        "latitude": "0.0",
        "longitude": "0.0",
        "field1": "Temperatura",
        "field2": "Humedad",
        "created_at": "2020-03-04T11:16:35Z",
        "updated_at": "2020-03-04T11:18:29Z",
        "last_entry_id": 2300
    },
    "feeds": [
        {
            "created_at": "2021-01-31T10:44:29Z",
            "entry_id": 2300,
            "field1": null,
            "field2": "53.10"
        }
    ]
}