{
    "channel": {
        "id": 1024890,
        "name": "Pogoda Bytom",
        "latitude": "0.0",
        "longitude": "0.0",
        "field2": "temperature",
        "field3": "humidity",
        "field4": "Pressure",
        "created_at": "2020-03-23T16:34:02Z",
        "updated_at": "2020-06-27T15:07:47Z",
        "last_entry_id": 1804844
    },
    "feeds": [
        {
            "created_at": "2021-05-09T16:21:17Z",
            "entry_id": 1804844,
            "field2": "21.85",
            "field3": "31.98",
            "field4": "1015.31"
        }
    ]
}