{
    "channel": {
        "id": 1053774,
        "name": "Greenhouse Temperature",
        "description": "Monitoring internal greenhouse temp",
        "latitude": "0.0",
        "longitude": "0.0",
        "field1": "temp",
        "created_at": "2020-05-06T01:56:16Z",
        "updated_at": "2020-05-06T16:16:32Z",
        "last_entry_id": 7760
    },
    "feeds": [
        {
            "created_at": "2021-07-27T17:22:08Z",
            "entry_id": 7760,
            "field1": "0.000000"
        }
    ]
}