{
    "channel": {
        "id": 105792,
        "name": "Tony's Weather Station",
        "description": "This is a temperature and barometric pressure logger, built using a Raspberry Pi A+ with a bmp180 sensor. It uploads updates every 30 minutes using a wifi dongle.  Situated in Harrogate, North Yorkshire, UK.",
        "latitude": "54.009733",
        "longitude": "-99999.9999999999",
        "field1": "Temperature",
        "field2": "Pressure",
        "created_at": "2016-04-04T15:07:06Z",
        "updated_at": "2018-08-24T15:02:30Z",
        "elevation": "101",
        "last_entry_id": 60070
    },
    "feeds": [
        {
            "created_at": "2019-10-06T14:56:22Z",
            "entry_id": 60070,
            "field1": "11.4",
            "field2": "999.59"
        }
    ]
}