{
    "channel": {
        "id": 1060612,
        "name": "WeatherStation",
        "description": "ESP Easy and BME280",
        "latitude": "59.5671",
        "longitude": "17.5278",
        "field1": "Temperature",
        "field2": "Humidity",
        "field3": "Pressure",
        "created_at": "2020-05-15T09:44:45Z",
        "updated_at": "2020-05-16T08:49:08Z",
        "last_entry_id": 112566
    },
    "feeds": [
        {
            "created_at": "2021-01-23T16:32:29Z",
            "entry_id": 112566,
            "field1": "21.91",
            "field2": "44.33",
            "field3": "994.57"
        }
    ]
}