{
    "channel": {
        "id": 1061672,
        "name": "Data from node",
        "description": "Node 1",
        "latitude": "0.0",
        "longitude": "0.0",
        "field1": "Temperature",
        "field2": "Humidity",
        "created_at": "2020-05-17T15:19:41Z",
        "updated_at": "2020-05-17T17:43:46Z",
        "last_entry_id": 687
    },
    "feeds": [
        {
            "created_at": "2020-06-19T07:45:34Z",
            "entry_id": 687,
            "field1": "40.80",
            "field2": "75.00"
        }
    ]
}