{
    "channel": {
        "id": 1092138,
        "name": "IOT WEBINAR",
        "description": "TEMPERATURE AND HUMIDITY",
        "latitude": "0.0",
        "longitude": "0.0",
        "field1": "TEMPERATURE",
        "field2": "HUMIDITY",
        "created_at": "2020-07-01T12:34:23Z",
        "updated_at": "2020-07-03T12:19:06Z",
        "last_entry_id": 27
    },
    "feeds": [
        {
            "created_at": "2020-07-03T13:10:40Z",
            "entry_id": 27,
            "field1": "1",
            "field2": null
        }
    ]
}