{
    "channel": {
        "id": 1093904,
        "name": "MQTTFX",
        "description": "Weather Channel ",
        "latitude": "0.0",
        "longitude": "0.0",
        "field1": "TEMPERATURE",
        "field2": "HUMIDITY",
        "created_at": "2020-07-04T09:09:43Z",
        "updated_at": "2020-07-04T09:58:16Z",
        "last_entry_id": 6
    },
    "feeds": [
        {
            "created_at": "2020-07-04T10:14:10Z",
            "entry_id": 6,
            "field1": "20",
            "field2": "40"
        }
    ]
}