{
    "channel": {
        "id": 1094222,
        "name": "Cantina Cogliati station meteo",
        "description": "Stazione meteo - Cantina",
        "latitude": "45.74233",
        "longitude": "9.3",
        "field1": "Temperature",
        "field2": "Humidity",
        "created_at": "2020-07-05T08:54:39Z",
        "updated_at": "2020-07-13T19:43:12Z",
        "elevation": "383",
        "last_entry_id": 194901
    },
    "feeds": [
        {
            "created_at": "2022-08-11T17:04:48Z",
            "entry_id": 194901,
            "field1": "30",
            "field2": "48"
        }
    ]
}