{
    "channel": {
        "id": 1106051,
        "name": "Weather Sensor",
        "latitude": "0.0",
        "longitude": "0.0",
        "field1": "Temperature",
        "field2": "Humidity",
        "field3": "Light",
        "field4": "Atmosphere",
        "created_at": "2020-07-25T18:50:52Z",
        "updated_at": "2020-08-10T20:08:18Z",
        "last_entry_id": 11571
    },
    "feeds": [
        {
            "created_at": "2020-08-18T23:29:06Z",
            "entry_id": 11571,
            "field1": "25",
            "field2": "49",
            "field3": "0",
            "field4": "236445"
        }
    ]
}