{
    "channel": {
        "id": 1108717,
        "name": "Unimed Cataguases Coperativa DTH WIFi 53/ 1108717",
        "latitude": "0.0",
        "longitude": "0.0",
        "field1": "Temperatura",
        "field2": "Umidade",
        "created_at": "2020-07-30T14:19:11Z",
        "updated_at": "2020-10-09T15:27:08Z",
        "last_entry_id": 349210
    },
    "feeds": [
        {
            "created_at": "2024-03-14T16:50:40Z",
            "entry_id": 349210,
            "field1": "16.90000",
            "field2": "100.00000"
        }
    ]
}