{
    "channel": {
        "id": 1109405,
        "name": "Francisco C. Sanson DHT  WIFI 55/1109405",
        "latitude": "0.0",
        "longitude": "0.0",
        "field1": "Temperatura",
        "field2": "Umidade",
        "created_at": "2020-07-31T18:36:20Z",
        "updated_at": "2020-10-14T13:56:27Z",
        "last_entry_id": 586320
    },
    "feeds": [
        {
            "created_at": "2024-07-21T07:57:40Z",
            "entry_id": 586320,
            "field1": "17.40000",
            "field2": "48.00000"
        }
    ]
}