{
    "channel": {
        "id": 1115903,
        "name": "Temperature and Humidity",
        "description": "Sending data from arduino to thingspeak",
        "latitude": "0.0",
        "longitude": "0.0",
        "field1": "Temperature",
        "field2": "Humidity",
        "created_at": "2020-08-12T11:44:02Z",
        "updated_at": "2020-08-19T14:48:45Z",
        "last_entry_id": 1457
    },
    "feeds": [
        {
            "created_at": "2020-09-07T02:10:25Z",
            "entry_id": 1457,
            "field1": "28.00",
            "field2": "43.00"
        }
    ]
}