{
    "channel": {
        "id": 1127998,
        "name": "Wetterstation",
        "latitude": "0.0",
        "longitude": "0.0",
        "field1": "Temperatur",
        "field2": "Luftfeuchtigkeit",
        "created_at": "2020-08-30T16:34:44Z",
        "updated_at": "2020-08-30T16:34:58Z",
        "last_entry_id": 3
    },
    "feeds": [
        {
            "created_at": "2020-08-30T16:43:47Z",
            "entry_id": 3,
            "field1": "22.00",
            "field2": "69.00    "
        }
    ]
}