{
    "channel": {
        "id": 1136464,
        "name": "Smarthome",
        "description": "To monitor humidity and temperature in my home",
        "latitude": "0.0",
        "longitude": "0.0",
        "field1": "Temperature",
        "field2": "Humidity",
        "created_at": "2020-09-07T02:52:33Z",
        "updated_at": "2020-09-07T02:54:53Z",
        "last_entry_id": 105
    },
    "feeds": [
        {
            "created_at": "2020-09-07T07:06:42Z",
            "entry_id": 105,
            "field1": "27.50",
            "field2": "49.00"
        }
    ]
}