{
    "channel": {
        "id": 115931,
        "name": "S15",
        "latitude": "0.0",
        "longitude": "0.0",
        "field1": "temperature",
        "field2": "humidity",
        "created_at": "2016-05-13T08:29:20Z",
        "updated_at": "2016-10-27T15:29:14Z",
        "last_entry_id": 233055
    },
    "feeds": [
        {
            "created_at": "2016-10-27T15:29:14Z",
            "entry_id": 233055,
            "field1": "22.60",
            "field2": "26.60    "
        }
    ]
}