{
    "channel": {
        "id": 1210488,
        "name": "Mirailde Silva Dantas DTH WIFI 91/1210488",
        "latitude": "0.0",
        "longitude": "0.0",
        "field1": "Temperatura",
        "field2": "Umidade",
        "created_at": "2020-10-29T17:09:33Z",
        "updated_at": "2020-11-24T10:57:29Z",
        "last_entry_id": 588744
    },
    "feeds": [
        {
            "created_at": "2024-07-21T11:40:42Z",
            "entry_id": 588744,
            "field1": "24.40000",
            "field2": "70.00000"
        }
    ]
}