{
    "channel": {
        "id": 1236237,
        "name": "Sensor Data from AM2302",
        "description": "Temperature & Humidity Data at 15-second intervals",
        "latitude": "0.0",
        "longitude": "0.0",
        "field1": "Temperature",
        "field2": "Humidity",
        "created_at": "2020-11-20T01:24:36Z",
        "updated_at": "2020-11-20T01:25:08Z",
        "last_entry_id": 14
    },
    "feeds": [
        {
            "created_at": "2020-11-20T01:59:54Z",
            "entry_id": 14,
            "field1": "26",
            "field2": "65"
        }
    ]
}