{
    "channel": {
        "id": 1236345,
        "name": "Sensor data from AM2302",
        "description": "Temperature & humidity data at 15 second intervals",
        "latitude": "0.0",
        "longitude": "0.0",
        "field1": "Temperature",
        "field2": "Humidity",
        "created_at": "2020-11-20T02:32:15Z",
        "updated_at": "2020-11-20T02:33:03Z",
        "last_entry_id": 9
    },
    "feeds": [
        {
            "created_at": "2020-11-20T03:36:52Z",
            "entry_id": 9,
            "field1": "21",
            "field2": "62"
        }
    ]
}