{
    "channel": {
        "id": 1243526,
        "name": "KS Hilden",
        "latitude": "0.0",
        "longitude": "0.0",
        "field1": "Temperatur",
        "field2": "Luftfeuchtigkeit",
        "created_at": "2020-11-26T14:51:53Z",
        "updated_at": "2020-11-27T14:49:25Z",
        "last_entry_id": 1051201
    },
    "feeds": [
        {
            "created_at": "2023-05-03T06:05:04Z",
            "entry_id": 1051201,
            "field1": "16.2000007629",
            "field2": "50.7000007629"
        }
    ]
}