{
    "channel": {
        "id": 1249019,
        "name": "Temperature/Pressure",
        "description": "Room 1",
        "latitude": "0.0",
        "longitude": "0.0",
        "field1": "Temperature",
        "field2": "Pressure",
        "created_at": "2020-12-04T16:28:40Z",
        "updated_at": "2020-12-04T17:07:03Z",
        "last_entry_id": 444
    },
    "feeds": [
        {
            "created_at": "2022-02-14T15:06:14Z",
            "entry_id": 444,
            "field1": "32.28000",
            "field2": "921.10077"
        }
    ]
}