{
    "channel": {
        "id": 1262962,
        "name": "House_Of_Fresh_Vegetable_airsensor",
        "latitude": "0.0",
        "longitude": "0.0",
        "field1": "Temperature",
        "field2": "Humidity",
        "field3": "Light",
        "created_at": "2020-12-17T16:42:37Z",
        "updated_at": "2020-12-17T16:47:28Z",
        "last_entry_id": 546632
    },
    "feeds": [
        {
            "created_at": "2021-05-16T14:39:19Z",
            "entry_id": 546632,
            "field1": "28.790",
            "field2": null,
            "field3": null
        }
    ]
}