{
    "channel": {
        "id": 1265696,
        "name": "temperature-humidity",
        "latitude": "0.0",
        "longitude": "0.0",
        "field1": "temp",
        "field2": "humidity",
        "created_at": "2020-12-21T06:09:57Z",
        "updated_at": "2020-12-21T06:10:22Z",
        "last_entry_id": 220
    },
    "feeds": [
        {
            "created_at": "2021-02-10T09:37:31Z",
            "entry_id": 220,
            "field1": "28.90",
            "field2": "74.00"
        }
    ]
}