{
    "channel": {
        "id": 1281160,
        "name": "DISPONIVEL DTH WIFI 137/1281160",
        "latitude": "0.0",
        "longitude": "0.0",
        "field1": "Temperatura",
        "field2": "Umidade",
        "created_at": "2021-01-11T18:03:37Z",
        "updated_at": "2021-03-01T13:54:42Z",
        "last_entry_id": 70531
    },
    "feeds": [
        {
            "created_at": "2021-08-17T14:36:01Z",
            "entry_id": 70531,
            "field1": "24.10000",
            "field2": "75.00000"
        }
    ]
}