{
    "channel": {
        "id": 1281361,
        "name": "ESP8266-DHT11-TW",
        "description": "TW Weather",
        "latitude": "0.0",
        "longitude": "0.0",
        "field1": "Temperature",
        "field2": "Humidity",
        "field3": "Light",
        "field4": "Atmosphere",
        "created_at": "2021-01-12T05:39:43Z",
        "updated_at": "2021-01-12T05:39:55Z",
        "last_entry_id": 18752
    },
    "feeds": [
        {
            "created_at": "2021-03-22T18:31:28Z",
            "entry_id": 18752,
            "field1": "24",
            "field2": "39",
            "field3": "78",
            "field4": "99445"
        }
    ]
}