{
    "channel": {
        "id": 1308616,
        "name": "Lounge Room Monitor",
        "latitude": "0.0",
        "longitude": "0.0",
        "field1": "Temp",
        "field2": "Humidity",
        "created_at": "2021-02-18T22:53:10Z",
        "updated_at": "2022-05-02T11:18:25Z",
        "last_entry_id": 1094107
    },
    "feeds": [
        {
            "created_at": "2023-10-28T07:38:34Z",
            "entry_id": 1094107,
            "field1": "0.00",
            "field2": "0.00"
        }
    ]
}