{
    "channel": {
        "id": 1310210,
        "name": "temp and humidity sensor",
        "description": "using dht11",
        "latitude": "0.0",
        "longitude": "0.0",
        "field1": "temp",
        "field2": "humidity",
        "created_at": "2021-02-22T05:09:56Z",
        "updated_at": "2021-02-22T05:17:40Z",
        "last_entry_id": 11
    },
    "feeds": [
        {
            "created_at": "2021-02-23T06:11:23Z",
            "entry_id": 11,
            "field1": "33.40",
            "field2": "52.00    "
        }
    ]
}