{
    "channel": {
        "id": 1315028,
        "name": "Act3.2 for IoT",
        "latitude": "0.0",
        "longitude": "0.0",
        "field1": "Temperature",
        "field2": "Humidity",
        "field3": "Pressure",
        "created_at": "2021-03-01T08:48:14Z",
        "updated_at": "2021-03-01T09:47:18Z",
        "last_entry_id": 232
    },
    "feeds": [
        {
            "created_at": "2022-03-23T15:51:33Z",
            "entry_id": 232,
            "field1": "19.71",
            "field2": null,
            "field3": null
        }
    ]
}