{
    "channel": {
        "id": 1319991,
        "name": "Ruan Weather",
        "description": "Ruan ESP8622",
        "latitude": "0.0",
        "longitude": "0.0",
        "field1": "Temperature",
        "field2": "Humidity",
        "field3": "Light",
        "field4": "Atmosphere",
        "created_at": "2021-03-05T16:40:03Z",
        "updated_at": "2021-03-05T16:40:12Z",
        "last_entry_id": 2298
    },
    "feeds": [
        {
            "created_at": "2021-08-05T11:27:54Z",
            "entry_id": 2298,
            "field1": "18",
            "field2": "25",
            "field3": "69",
            "field4": "85182"
        }
    ]
}