{
    "channel": {
        "id": 1325153,
        "name": "Air sensor",
        "latitude": "0.0",
        "longitude": "0.0",
        "field1": "Temperature",
        "field2": "Pressure",
        "field3": "Humidity",
        "created_at": "2021-03-11T13:03:24Z",
        "updated_at": "2021-03-18T13:10:30Z",
        "last_entry_id": 525
    },
    "feeds": [
        {
            "created_at": "2021-03-25T08:28:43Z",
            "entry_id": 525,
            "field1": "21.70",
            "field2": "995.10",
            "field3": "29.12"
        }
    ]
}