{
    "channel": {
        "id": 1327196,
        "name": "Pynini",
        "latitude": "0.0",
        "longitude": "0.0",
        "field1": "CO2",
        "field2": "Temperature",
        "field3": "Humidity",
        "created_at": "2021-03-14T10:20:03Z",
        "updated_at": "2021-04-09T08:15:50Z",
        "last_entry_id": 68
    },
    "feeds": [
        {
            "created_at": "2021-06-06T10:50:24Z",
            "entry_id": 68,
            "field1": null,
            "field2": "27.0",
            "field3": "32.0"
        }
    ]
}