{
    "channel": {
        "id": 1329370,
        "name": "Sensor data from AM2302",
        "description": "Temperature & humidity data at 15 sec intervals",
        "latitude": "0.0",
        "longitude": "0.0",
        "field1": "Temperature",
        "field2": "Humidity",
        "created_at": "2021-03-17T01:29:16Z",
        "updated_at": "2021-03-17T01:34:54Z",
        "last_entry_id": 10
    },
    "feeds": [
        {
            "created_at": "2021-03-17T02:10:28Z",
            "entry_id": 10,
            "field1": "25",
            "field2": "58"
        }
    ]
}