{
    "channel": {
        "id": 1329035,
        "name": "Sensor Data for AM2302",
        "description": "Temperature & humidity data at 15 sec intervals",
        "latitude": "0.0",
        "longitude": "0.0",
        "field1": "Temperature",
        "field2": "Humidity",
        "created_at": "2021-03-16T12:20:11Z",
        "updated_at": "2021-03-16T12:44:04Z",
        "last_entry_id": 10
    },
    "feeds": [
        {
            "created_at": "2021-03-17T02:09:23Z",
            "entry_id": 10,
            "field1": "26",
            "field2": "65"
        }
    ]
}