{
    "channel": {
        "id": 1333287,
        "name": "DTH WIFI IOT19/1333287",
        "latitude": "0.0",
        "longitude": "0.0",
        "field1": "Temperatura",
        "field2": "Umidade",
        "created_at": "2021-03-19T18:53:05Z",
        "updated_at": "2021-03-19T18:54:49Z",
        "last_entry_id": 537202
    },
    "feeds": [
        {
            "created_at": "2024-02-09T18:26:22Z",
            "entry_id": 537202,
            "field1": "28.20000",
            "field2": "53.00000"
        }
    ]
}