{
    "channel": {
        "id": 1335580,
        "name": "Victor Salheb DSB WIFI IOT20/1335580",
        "latitude": "0.0",
        "longitude": "0.0",
        "field1": "Temperatura",
        "field2": "Temperatura Min",
        "field3": "Temperatura Max",
        "created_at": "2021-03-22T19:31:45Z",
        "updated_at": "2021-04-05T14:08:54Z",
        "last_entry_id": 12
    },
    "feeds": [
        {
            "created_at": "2021-03-23T17:24:33Z",
            "entry_id": 12,
            "field1": "24.00000",
            "field2": "23.87500",
            "field3": "24.75000"
        }
    ]
}