{
    "channel": {
        "id": 1342234,
        "name": "Act3.2",
        "latitude": "0.0",
        "longitude": "0.0",
        "field1": "Temperature",
        "field2": "Humidity",
        "field3": "Pressure",
        "created_at": "2021-03-29T08:41:27Z",
        "updated_at": "2021-03-29T10:01:35Z",
        "last_entry_id": 303
    },
    "feeds": [
        {
            "created_at": "2021-03-29T10:34:59Z",
            "entry_id": 303,
            "field1": null,
            "field2": "64.5",
            "field3": null
        }
    ]
}