{
    "channel": {
        "id": 1348137,
        "name": "Cason's Weather Station",
        "description": "ESP8266 and DHT11",
        "latitude": "0.0",
        "longitude": "0.0",
        "field1": "Temperature",
        "field2": "Humidity",
        "field3": "Light",
        "field4": "Atmosphere",
        "created_at": "2021-04-03T17:10:14Z",
        "updated_at": "2021-04-03T17:10:26Z",
        "last_entry_id": 2526
    },
    "feeds": [
        {
            "created_at": "2021-04-05T18:02:19Z",
            "entry_id": 2526,
            "field1": "19",
            "field2": "45",
            "field3": "50",
            "field4": "185419"
        }
    ]
}