{
    "channel": {
        "id": 1354600,
        "name": "Wemos Bacaan Suhu",
        "description": "Data dari DHT11",
        "latitude": "0.0",
        "longitude": "0.0",
        "field1": "Temperature",
        "field2": "Humidity",
        "created_at": "2021-04-11T04:27:09Z",
        "updated_at": "2021-04-11T04:47:11Z",
        "last_entry_id": 80
    },
    "feeds": [
        {
            "created_at": "2021-04-17T04:44:41Z",
            "entry_id": 80,
            "field1": "31.90",
            "field2": "57.00"
        }
    ]
}