{
    "channel": {
        "id": 1363181,
        "name": "PROGETTO TD2",
        "description": "Raccolta dati da OpenWeatherMap",
        "latitude": "0.0",
        "longitude": "0.0",
        "field1": "TEMPERATURE",
        "field2": "HUMIDITY",
        "created_at": "2021-04-19T09:24:59Z",
        "updated_at": "2021-04-30T10:06:22Z",
        "last_entry_id": 73
    },
    "feeds": [
        {
            "created_at": "2021-05-04T08:35:20Z",
            "entry_id": 73,
            "field1": "10.44",
            "field2": null
        }
    ]
}