{
    "channel": {
        "id": 1367878,
        "name": "Kinderzimmer",
        "latitude": "0.0",
        "longitude": "0.0",
        "field1": "Temperature",
        "field2": "Humidity",
        "field3": "Pressure",
        "created_at": "2021-04-22T17:20:39Z",
        "updated_at": "2021-04-22T17:20:49Z",
        "last_entry_id": 547664
    },
    "feeds": [
        {
            "created_at": "2024-07-21T18:26:13Z",
            "entry_id": 547664,
            "field1": " 31.3",
            "field2": " 42.2",
            "field3": " 988.1    "
        }
    ]
}