{
    "channel": {
        "id": 1370889,
        "name": "Vyom",
        "description": "Practical purpose",
        "latitude": "0.0",
        "longitude": "0.0",
        "field1": "Temperature",
        "field2": "Humidity",
        "created_at": "2021-04-25T17:02:44Z",
        "updated_at": "2021-04-25T17:04:33Z",
        "last_entry_id": 7
    },
    "feeds": [
        {
            "created_at": "2021-04-25T17:14:17Z",
            "entry_id": 7,
            "field1": "47",
            "field2": "3"
        }
    ]
}