{
    "channel": {
        "id": 1382183,
        "name": "Temperature and Humidity Monitoring",
        "description": "Temperature and Humidity monitoring system.",
        "latitude": "0.0",
        "longitude": "0.0",
        "field1": "Temperature",
        "field2": "Humidity",
        "created_at": "2021-05-06T07:06:51Z",
        "updated_at": "2021-05-22T14:55:41Z",
        "last_entry_id": 641
    },
    "feeds": [
        {
            "created_at": "2021-05-24T06:23:12Z",
            "entry_id": 641,
            "field1": "29",
            "field2": null
        }
    ]
}