{
    "channel": {
        "id": 1387972,
        "name": "Test TD2",
        "latitude": "0.0",
        "longitude": "0.0",
        "field1": "Temperatura",
        "field2": "Umidit\u00e0",
        "created_at": "2021-05-12T08:33:05Z",
        "updated_at": "2021-05-18T12:50:23Z",
        "last_entry_id": 26
    },
    "feeds": [
        {
            "created_at": "2021-06-03T20:38:49Z",
            "entry_id": 26,
            "field1": "21.430000000000007",
            "field2": "53"
        }
    ]
}