{
    "channel": {
        "id": 1391869,
        "name": "Humidity & Temp Sensor",
        "description": "Humidity & Temp Sensor",
        "latitude": "0.0",
        "longitude": "0.0",
        "field1": "Humidity",
        "field2": "Temp",
        "created_at": "2021-05-17T12:18:05Z",
        "updated_at": "2021-05-17T13:57:40Z",
        "last_entry_id": 208
    },
    "feeds": [
        {
            "created_at": "2021-07-08T07:13:18Z",
            "entry_id": 208,
            "field1": "16.00",
            "field2": "31.00"
        }
    ]
}