{
    "channel": {
        "id": 1396952,
        "name": "Progetto TD2 Finito",
        "latitude": "0.0",
        "longitude": "0.0",
        "field1": "Temperature",
        "field2": "Humidity",
        "created_at": "2021-05-22T15:02:09Z",
        "updated_at": "2021-05-22T15:06:38Z",
        "last_entry_id": 55
    },
    "feeds": [
        {
            "created_at": "2021-06-04T09:30:38Z",
            "entry_id": 55,
            "field1": "25.379999999999995",
            "field2": "33"
        }
    ]
}