{
    "channel": {
        "id": 1435092,
        "name": "Servicos Informatica - DSB WIFI IOT87/1435092",
        "latitude": "0.0",
        "longitude": "0.0",
        "field1": "Temperatura",
        "field2": "Temperatura Min",
        "field3": "Temperatura Max",
        "created_at": "2021-07-05T18:00:05Z",
        "updated_at": "2021-07-19T12:54:36Z",
        "last_entry_id": 171021
    },
    "feeds": [
        {
            "created_at": "2024-05-04T20:34:12Z",
            "entry_id": 171021,
            "field1": "-18.12500",
            "field2": "-22.93750",
            "field3": "0.00000"
        }
    ]
}