{
    "channel": {
        "id": 1525325,
        "name": "Weatherstation-Groffice",
        "description": "ESP8266 weather station inside groffice",
        "latitude": "0.0",
        "longitude": "0.0",
        "field1": "Temperature",
        "field2": "Humidity",
        "field3": "Light",
        "field4": "Atmosphere",
        "created_at": "2021-10-03T16:45:26Z",
        "updated_at": "2021-10-13T17:20:29Z",
        "last_entry_id": 1034563
    },
    "feeds": [
        {
            "created_at": "2024-07-21T10:07:35Z",
            "entry_id": 1034563,
            "field1": "68",
            "field2": "57",
            "field3": "0",
            "field4": "101460"
        }
    ]
}