{
    "channel": {
        "id": 154362,
        "name": "weather station",
        "latitude": "0.0",
        "longitude": "0.0",
        "field1": "temperature",
        "field2": "humidity",
        "created_at": "2016-09-04T22:26:20Z",
        "updated_at": "2016-09-05T01:05:12Z",
        "last_entry_id": 27
    },
    "feeds": [
        {
            "created_at": "2016-09-05T01:05:12Z",
            "entry_id": 27,
            "field1": "27.51",
            "field2": "76.55"
        }
    ]
}