{
    "channel": {
        "id": 1567478,
        "name": "DHT_Values",
        "latitude": "0.0",
        "longitude": "0.0",
        "field1": "Temperature",
        "field2": "Humidity",
        "created_at": "2021-11-11T08:59:46Z",
        "updated_at": "2021-11-11T09:00:19Z",
        "last_entry_id": 185
    },
    "feeds": [
        {
            "created_at": "2021-11-11T10:59:37Z",
            "entry_id": 185,
            "field1": "28.00",
            "field2": "95.00"
        }
    ]
}