{
    "channel": {
        "id": 1571000,
        "name": "DHT22 Temperature & Humidity",
        "latitude": "0.0",
        "longitude": "0.0",
        "field1": "Temperature",
        "field2": "Humidity",
        "created_at": "2021-11-15T08:05:56Z",
        "updated_at": "2021-11-15T08:18:47Z",
        "last_entry_id": 462
    },
    "feeds": [
        {
            "created_at": "2021-11-19T03:01:38Z",
            "entry_id": 462,
            "field1": "23.20",
            "field2": "50.50"
        }
    ]
}