{
    "channel": {
        "id": 1579580,
        "name": "sensor data from AM2302",
        "description": "Temperature and humidity data at 15sec interval",
        "latitude": "0.0",
        "longitude": "0.0",
        "field1": "temperature",
        "field2": "humidity",
        "created_at": "2021-11-22T07:45:38Z",
        "updated_at": "2021-11-22T08:36:59Z",
        "last_entry_id": 16
    },
    "feeds": [
        {
            "created_at": "2021-11-22T08:34:40Z",
            "entry_id": 16,
            "field1": "31.700000762939453",
            "field2": "46.70000076293945"
        }
    ]
}