{
    "channel": {
        "id": 1598700,
        "name": "DSB WIFI SYS04/1598700",
        "latitude": "0.0",
        "longitude": "0.0",
        "field1": "Temperatura",
        "field2": "Temperatura Min",
        "field3": "Temperatura Max",
        "created_at": "2021-12-06T17:56:52Z",
        "updated_at": "2021-12-06T18:04:14Z",
        "last_entry_id": 486
    },
    "feeds": [
        {
            "created_at": "2021-12-07T16:48:43Z",
            "entry_id": 486,
            "field1": "26.87500",
            "field2": "23.75000",
            "field3": "27.87500"
        }
    ]
}