{
    "channel": {
        "id": 1614948,
        "name": "my iot project",
        "description": "reading temperature and humidity ",
        "latitude": "0.0",
        "longitude": "0.0",
        "field1": "humidity",
        "field2": "temperature",
        "created_at": "2021-12-21T12:05:09Z",
        "updated_at": "2021-12-25T15:35:19Z",
        "last_entry_id": 1
    },
    "feeds": [
        {
            "created_at": "2021-12-22T11:55:16Z",
            "entry_id": 1,
            "field1": "93.00",
            "field2": "18.90    "
        }
    ]
}