{
    "channel": {
        "id": 1617647,
        "name": "Hall",
        "description": "My hall",
        "latitude": "0.0",
        "longitude": "0.0",
        "field1": "Temperatura",
        "field2": "Humedad",
        "created_at": "2021-12-24T11:19:19Z",
        "updated_at": "2022-01-05T00:19:32Z",
        "last_entry_id": 213703
    },
    "feeds": [
        {
            "created_at": "2022-11-28T22:12:48Z",
            "entry_id": 213703,
            "field1": "21.53475",
            "field2": "66.06381"
        }
    ]
}