{
    "channel": {
        "id": 1624014,
        "name": "Domotica (sensores)",
        "description": "Canal utilizado para controlar la temperatura en casa",
        "latitude": "0.0",
        "longitude": "0.0",
        "field1": "Temperatura",
        "field2": "Humedad",
        "created_at": "2022-01-03T09:28:56Z",
        "updated_at": "2022-01-03T12:18:20Z",
        "last_entry_id": 330
    },
    "feeds": [
        {
            "created_at": "2022-01-21T09:54:07Z",
            "entry_id": 330,
            "field1": "24.54",
            "field2": "32.16"
        }
    ]
}