{
    "channel": {
        "id": 1625014,
        "name": "TreeHouse",
        "description": "Environmental data for the Tree House",
        "latitude": "0.0",
        "longitude": "0.0",
        "field1": "temperature",
        "field2": "humidity",
        "created_at": "2022-01-04T05:50:12Z",
        "updated_at": "2022-01-07T05:40:06Z",
        "last_entry_id": 304401
    },
    "feeds": [
        {
            "created_at": "2022-11-15T06:49:29Z",
            "entry_id": 304401,
            "field1": "62.464364746280054",
            "field2": "42.571258544921875"
        }
    ]
}