{
    "channel": {
        "id": 1635279,
        "name": "DSB WIFI SYS40/1635279",
        "latitude": "0.0",
        "longitude": "0.0",
        "field1": "Temperatura",
        "field2": "Temperatura Min",
        "field3": "Temperatura Max",
        "created_at": "2022-01-18T19:03:53Z",
        "updated_at": "2022-01-18T19:05:43Z",
        "last_entry_id": 1682
    },
    "feeds": [
        {
            "created_at": "2022-01-24T15:11:32Z",
            "entry_id": 1682,
            "field1": "26.56250",
            "field2": "25.06250",
            "field3": "29.87500"
        }
    ]
}