{
    "channel": {
        "id": 1635018,
        "name": "DHT11",
        "description": "To send the sensor data",
        "latitude": "0.0",
        "longitude": "0.0",
        "field1": "Temperature",
        "field2": "Humidity",
        "created_at": "2022-01-18T09:57:56Z",
        "updated_at": "2022-03-30T10:39:37Z",
        "last_entry_id": 7783
    },
    "feeds": [
        {
            "created_at": "2022-04-20T06:16:22Z",
            "entry_id": 7783,
            "field1": null,
            "field2": "31.00000"
        }
    ]
}