{
    "channel": {
        "id": 1643109,
        "name": "ROBOCLUB EVEN",
        "description": "This shows temperature and humidity",
        "latitude": "0.0",
        "longitude": "0.0",
        "field1": "Temperature",
        "field2": "Humidity",
        "created_at": "2022-01-29T12:58:53Z",
        "updated_at": "2022-01-29T12:59:22Z",
        "last_entry_id": 255
    },
    "feeds": [
        {
            "created_at": "2023-06-24T06:17:45Z",
            "entry_id": 255,
            "field1": "33.30000",
            "field2": "61.00000"
        }
    ]
}