{
    "channel": {
        "id": 1644947,
        "name": "DSB WIFI SYS55/1644947",
        "latitude": "0.0",
        "longitude": "0.0",
        "field1": "Temperatura",
        "field2": "Temperatura Min",
        "field3": "Temperatura Max",
        "created_at": "2022-02-01T16:12:56Z",
        "updated_at": "2022-02-01T16:24:06Z",
        "last_entry_id": 234851
    },
    "feeds": [
        {
            "created_at": "2023-06-12T11:29:55Z",
            "entry_id": 234851,
            "field1": "-11.68750",
            "field2": "-12.43750",
            "field3": "0.00000"
        }
    ]
}