{
    "channel": {
        "id": 1648027,
        "name": "PALT_21DDT20F1168_FINAL PROJECT",
        "latitude": "4.851932",
        "longitude": "100.741631",
        "field1": "Temperature",
        "field2": "Humidity",
        "created_at": "2022-02-05T16:11:49Z",
        "updated_at": "2022-02-05T16:12:33Z",
        "last_entry_id": 259
    },
    "feeds": [
        {
            "created_at": "2022-02-06T04:36:36Z",
            "entry_id": 259,
            "field1": "29",
            "field2": "72    "
        }
    ]
}