{
    "channel": {
        "id": 1653312,
        "name": "fan-ta-lamp",
        "description": "find out the real temperature with FAN-TA-LAMP",
        "latitude": "0.0",
        "longitude": "0.0",
        "field1": "temperature",
        "created_at": "2022-02-12T04:18:43Z",
        "updated_at": "2022-02-14T01:00:04Z",
        "last_entry_id": 114
    },
    "feeds": [
        {
            "created_at": "2022-02-14T01:11:58Z",
            "entry_id": 114,
            "field1": "26"
        }
    ]
}