{
    "channel": {
        "id": 1658343,
        "name": "Monitor-Temp-HUM",
        "description": "2ch",
        "latitude": "0.0",
        "longitude": "0.0",
        "field1": "Temperature",
        "field2": "Humidity",
        "created_at": "2022-02-19T09:07:54Z",
        "updated_at": "2022-02-19T09:26:48Z",
        "last_entry_id": 181
    },
    "feeds": [
        {
            "created_at": "2022-02-19T10:31:23Z",
            "entry_id": 181,
            "field1": "24.59678",
            "field2": "60.65309"
        }
    ]
}