{
    "channel": {
        "id": 1662213,
        "name": "SvartHaugen",
        "description": "Home",
        "latitude": "0.0",
        "longitude": "0.0",
        "field1": "Temperature",
        "field2": "Humidity",
        "created_at": "2022-02-24T12:07:28Z",
        "updated_at": "2022-02-25T04:36:08Z",
        "last_entry_id": 87186
    },
    "feeds": [
        {
            "created_at": "2022-09-02T05:14:16Z",
            "entry_id": 87186,
            "field1": "16.13",
            "field2": "61.47"
        }
    ]
}