{
    "channel": {
        "id": 166208,
        "name": "CLK_Environment Monitor",
        "description": "Environment Monitoring @CLK  - test channel",
        "latitude": "1.3305",
        "longitude": "103.7895",
        "field1": "Temperature",
        "field2": "Humidity",
        "created_at": "2016-10-01T14:44:20Z",
        "updated_at": "2018-06-03T16:03:15Z",
        "last_entry_id": 110
    },
    "feeds": [
        {
            "created_at": "2019-10-15T17:02:28Z",
            "entry_id": 110,
            "field1": "33",
            "field2": "53"
        }
    ]
}