{
    "channel": {
        "id": 1665365,
        "name": "Lab 7",
        "latitude": "0.0",
        "longitude": "0.0",
        "field1": "light",
        "field2": "temp",
        "field3": "humidity",
        "created_at": "2022-03-01T15:08:37Z",
        "updated_at": "2022-03-01T15:08:49Z",
        "last_entry_id": 24
    },
    "feeds": [
        {
            "created_at": "2022-03-08T15:31:24Z",
            "entry_id": 24,
            "field1": "7",
            "field2": "5",
            "field3": "15"
        }
    ]
}