{
    "channel": {
        "id": 1672177,
        "name": "DSB WIFI SYS77/1672177",
        "latitude": "0.0",
        "longitude": "0.0",
        "field1": "Temperatura",
        "field2": "Temperatura Min",
        "field3": "Temperatura Max",
        "created_at": "2022-03-10T17:22:00Z",
        "updated_at": "2022-03-10T17:35:30Z",
        "last_entry_id": 2644
    },
    "feeds": [
        {
            "created_at": "2022-03-21T12:56:42Z",
            "entry_id": 2644,
            "field1": "27.43750",
            "field2": "25.12500",
            "field3": "31.06250"
        }
    ]
}