{
    "channel": {
        "id": 1679756,
        "name": "dht-11",
        "description": "send dht-11 data to speak",
        "latitude": "0.0",
        "longitude": "0.0",
        "field1": "temperature",
        "field2": "humidity",
        "created_at": "2022-03-19T12:56:41Z",
        "updated_at": "2022-03-21T06:18:58Z",
        "last_entry_id": 2843
    },
    "feeds": [
        {
            "created_at": "2022-09-07T03:17:08Z",
            "entry_id": 2843,
            "field1": "26",
            "field2": "18"
        }
    ]
}