{
    "channel": {
        "id": 1684576,
        "name": "1130PDE",
        "description": "demo channel for week 22",
        "latitude": "0.0",
        "longitude": "0.0",
        "field1": "temp",
        "field2": "humidity",
        "created_at": "2022-03-24T14:29:01Z",
        "updated_at": "2022-03-24T14:30:31Z",
        "last_entry_id": 239
    },
    "feeds": [
        {
            "created_at": "2022-03-24T16:36:00Z",
            "entry_id": 239,
            "field1": "\u2018M00810952\u2019",
            "field2": "66"
        }
    ]
}