{
    "channel": {
        "id": 1691172,
        "name": "THP",
        "description": "Temperature, humidity and PM2.5.",
        "latitude": "0.0",
        "longitude": "0.0",
        "field1": "Temperature",
        "field2": "Humidity",
        "field3": "PM2.5",
        "created_at": "2022-03-31T00:51:54Z",
        "updated_at": "2022-04-14T00:51:15Z",
        "last_entry_id": 223
    },
    "feeds": [
        {
            "created_at": "2022-05-18T09:53:01Z",
            "entry_id": 223,
            "field1": "24.80",
            "field2": "83.00",
            "field3": "0"
        }
    ]
}