{
    "channel": {
        "id": 1695170,
        "name": "Temperature monitoring",
        "latitude": "0.0",
        "longitude": "0.0",
        "field1": "temp",
        "field2": "humidity",
        "created_at": "2022-04-05T06:06:50Z",
        "updated_at": "2022-04-05T06:07:12Z",
        "last_entry_id": 512
    },
    "feeds": [
        {
            "created_at": "2023-09-14T11:17:22Z",
            "entry_id": 512,
            "field1": "60.00",
            "field2": "95.00    "
        }
    ]
}