{
    "channel": {
        "id": 1699369,
        "name": "AOM5456 - CERBARO - ESP 32 - DHT 11",
        "latitude": "0.0",
        "longitude": "0.0",
        "field1": "Temperature",
        "field2": "Humidity",
        "created_at": "2022-04-08T20:04:25Z",
        "updated_at": "2022-04-08T20:42:05Z",
        "last_entry_id": 18
    },
    "feeds": [
        {
            "created_at": "2022-04-08T20:52:28Z",
            "entry_id": 18,
            "field1": "24.00000",
            "field2": "54.00000"
        }
    ]
}