{
    "channel": {
        "id": 1711736,
        "name": "IoT-gigi",
        "latitude": "0.0",
        "longitude": "0.0",
        "field1": "Temperature",
        "field2": "Humidity",
        "field5": "RSSI",
        "created_at": "2022-04-22T10:22:01Z",
        "updated_at": "2022-04-22T21:04:23Z",
        "last_entry_id": 100
    },
    "feeds": [
        {
            "created_at": "2022-04-22T21:54:19Z",
            "entry_id": 100,
            "field1": "21",
            "field2": "45.6",
            "field5": "-74"
        }
    ]
}