{
    "channel": {
        "id": 1712634,
        "name": "IoT_Challenge_Youssef_Maniscalchi_Test",
        "latitude": "0.0",
        "longitude": "0.0",
        "field1": "Temperature",
        "field2": "Humidity",
        "field5": "RSSI",
        "created_at": "2022-04-23T13:22:45Z",
        "updated_at": "2022-04-23T13:54:54Z",
        "last_entry_id": 100
    },
    "feeds": [
        {
            "created_at": "2022-04-23T15:11:48Z",
            "entry_id": 100,
            "field1": "24.3",
            "field2": "43",
            "field5": "-76"
        }
    ]
}