{
    "channel": {
        "id": 1712048,
        "name": "IoT-Challenge 2",
        "latitude": "0.0",
        "longitude": "0.0",
        "field1": "Temperature",
        "field2": "Humidity",
        "field5": "RSSI",
        "created_at": "2022-04-22T16:32:52Z",
        "updated_at": "2022-04-23T17:28:48Z",
        "last_entry_id": 100
    },
    "feeds": [
        {
            "created_at": "2022-04-23T18:42:03Z",
            "entry_id": 100,
            "field1": "23.8",
            "field2": "45.8",
            "field5": "-68"
        }
    ]
}