{
    "channel": {
        "id": 1713443,
        "name": "progetto laboratorio TD2_2022",
        "description": "progetto del laboratorio TD2_2022 Sanelli Francesca",
        "latitude": "0.0",
        "longitude": "0.0",
        "field1": "Temp",
        "field2": "Humidity",
        "created_at": "2022-04-24T17:13:20Z",
        "updated_at": "2022-05-10T17:22:35Z",
        "last_entry_id": 28
    },
    "feeds": [
        {
            "created_at": "2022-06-09T15:45:58Z",
            "entry_id": 28,
            "field1": "27.379999999999995",
            "field2": "36"
        }
    ]
}