{
    "channel": {
        "id": 1713361,
        "name": "IoT_2nd_challenge",
        "description": "Channel for an Internet of Things accademic challenge",
        "latitude": "0.0",
        "longitude": "0.0",
        "field1": "Temperature",
        "field2": "Humidity",
        "field5": "RSSI",
        "created_at": "2022-04-24T15:08:27Z",
        "updated_at": "2022-04-24T15:17:53Z",
        "last_entry_id": 100
    },
    "feeds": [
        {
            "created_at": "2022-04-25T08:50:38Z",
            "entry_id": 100,
            "field1": "23.5",
            "field2": "39.2",
            "field5": "-61"
        }
    ]
}