{
    "channel": {
        "id": 1724546,
        "name": "Progetto TD2",
        "latitude": "0.0",
        "longitude": "0.0",
        "field1": "Temperature",
        "field2": "Humidity",
        "created_at": "2022-05-05T08:29:33Z",
        "updated_at": "2022-05-05T08:29:49Z",
        "last_entry_id": 34
    },
    "feeds": [
        {
            "created_at": "2022-06-16T18:57:12Z",
            "entry_id": 34,
            "field1": "32.07000000000005",
            "field2": "41"
        }
    ]
}