{
    "channel": {
        "id": 1729745,
        "name": "DS18B20 Readings",
        "description": "Readings from DS18B20 TEMP. sensor",
        "latitude": "0.0",
        "longitude": "0.0",
        "field1": "Temperature",
        "created_at": "2022-05-10T06:00:25Z",
        "updated_at": "2022-05-10T13:08:29Z",
        "last_entry_id": 6138
    },
    "feeds": [
        {
            "created_at": "2022-05-12T08:21:22Z",
            "entry_id": 6138,
            "field1": "75.12500"
        }
    ]
}