{
    "channel": {
        "id": 1737794,
        "name": "Test Environment Sensors",
        "latitude": "0.0",
        "longitude": "0.0",
        "field1": "Temperature",
        "field2": "Pressure",
        "field3": "Humidity",
        "created_at": "2022-05-17T05:26:38Z",
        "updated_at": "2022-05-17T06:02:57Z",
        "last_entry_id": 60
    },
    "feeds": [
        {
            "created_at": "2022-05-17T06:11:26Z",
            "entry_id": 60,
            "field1": "29.71847",
            "field2": "100645.4",
            "field3": "47.38537"
        }
    ]
}