{
    "channel": {
        "id": 1756286,
        "name": "SENSOR MONITORING SYSTEM",
        "description": "To collect data from gas sensor for monitoring and data analytics",
        "latitude": "0.0",
        "longitude": "0.0",
        "field1": "Gas",
        "field2": "Temperature",
        "field3": "Humidity",
        "created_at": "2022-06-02T06:56:01Z",
        "updated_at": "2022-06-02T08:36:35Z",
        "last_entry_id": 165
    },
    "feeds": [
        {
            "created_at": "2022-06-02T08:47:14Z",
            "entry_id": 165,
            "field1": "52",
            "field2": "28",
            "field3": "63"
        }
    ]
}