{
    "channel": {
        "id": 1759450,
        "name": "weather station",
        "latitude": "0.0",
        "longitude": "0.0",
        "field1": "Temperature",
        "field2": "Humidity",
        "created_at": "2022-06-06T07:33:27Z",
        "updated_at": "2022-06-06T07:33:42Z",
        "last_entry_id": 354
    },
    "feeds": [
        {
            "created_at": "2022-06-27T02:20:41Z",
            "entry_id": 354,
            "field1": "23.52000000000004",
            "field2": "66"
        }
    ]
}