{
    "channel": {
        "id": 179082,
        "name": "IOT Temp",
        "description": "Room temperature & Humidity",
        "latitude": "0.0",
        "longitude": "0.0",
        "field1": "Temperature",
        "field2": "Humidity",
        "created_at": "2016-11-04T20:34:32Z",
        "updated_at": "2017-01-06T17:55:18Z",
        "last_entry_id": 2
    },
    "feeds": [
        {
            "created_at": "2017-01-06T17:55:18Z",
            "entry_id": 2,
            "field1": "29",
            "field2": "25"
        }
    ]
}