{
    "channel": {
        "id": 1795642,
        "name": "DSB WIFI SIOT61/1795642",
        "latitude": "0.0",
        "longitude": "0.0",
        "field1": "Temperatura",
        "field2": "Temperatura Min",
        "field3": "Temperatura Max",
        "created_at": "2022-07-11T13:35:12Z",
        "updated_at": "2022-07-11T13:55:49Z",
        "last_entry_id": 221840
    },
    "feeds": [
        {
            "created_at": "2024-02-19T12:38:14Z",
            "entry_id": 221840,
            "field1": "29.62500",
            "field2": "29.06250",
            "field3": "31.75000"
        }
    ]
}