{
    "channel": {
        "id": 1808011,
        "name": "DSB WIFI SIOT40/1808011",
        "latitude": "0.0",
        "longitude": "0.0",
        "field1": "Temperatura",
        "field2": "Temperatura Min",
        "field3": "Temperatura Max",
        "created_at": "2022-07-21T17:43:35Z",
        "updated_at": "2022-07-21T17:43:50Z",
        "last_entry_id": 390901
    },
    "feeds": [
        {
            "created_at": "2024-07-21T20:07:05Z",
            "entry_id": 390901,
            "field1": "24.56250",
            "field2": "22.18750",
            "field3": "34.25000"
        }
    ]
}