{
    "channel": {
        "id": 181043,
        "name": "NODEMCU Weather Station",
        "latitude": "0.0",
        "longitude": "0.0",
        "field1": "Temperature",
        "field2": "Humidity",
        "created_at": "2016-11-09T16:17:42Z",
        "updated_at": "2017-01-01T18:28:20Z",
        "last_entry_id": 348
    },
    "feeds": [
        {
            "created_at": "2017-01-01T18:28:20Z",
            "entry_id": 348,
            "field1": "17.00",
            "field2": "49.00    "
        }
    ]
}