{
    "channel": {
        "id": 1822931,
        "name": "DHT22 Sensor",
        "description": "...",
        "latitude": "0.0",
        "longitude": "0.0",
        "field1": "Temperature",
        "field2": "Humidity",
        "created_at": "2022-08-04T10:23:23Z",
        "updated_at": "2022-08-04T10:46:54Z",
        "last_entry_id": 9
    },
    "feeds": [
        {
            "created_at": "2022-08-05T14:20:12Z",
            "entry_id": 9,
            "field1": "24",
            "field2": "40"
        }
    ]
}