{
    "channel": {
        "id": 1836505,
        "name": "nodeMCU Class",
        "description": "8.19 \uad50\uc721\ub0b4\uc6a9",
        "latitude": "0.0",
        "longitude": "0.0",
        "field1": "Temperature",
        "field2": "Humidity",
        "created_at": "2022-08-19T01:57:49Z",
        "updated_at": "2022-08-19T02:15:06Z",
        "last_entry_id": 176
    },
    "feeds": [
        {
            "created_at": "2022-08-19T02:54:46Z",
            "entry_id": 176,
            "field1": "26.50",
            "field2": "59.00    "
        }
    ]
}