{
    "channel": {
        "id": 1837933,
        "name": "temp monitoring pro",
        "latitude": "0.0",
        "longitude": "0.0",
        "field1": "temp",
        "field2": "humidity",
        "created_at": "2022-08-21T07:10:36Z",
        "updated_at": "2022-08-21T07:21:32Z",
        "last_entry_id": 70
    },
    "feeds": [
        {
            "created_at": "2022-08-21T07:46:27Z",
            "entry_id": 70,
            "field1": "31.70",
            "field2": "63.00    "
        }
    ]
}