{
    "channel": {
        "id": 1846427,
        "name": "DSB WIFI SSI05/1846427",
        "latitude": "0.0",
        "longitude": "0.0",
        "field1": "Temperatura",
        "field2": "Temperatura Min",
        "field3": "Temperatura Max",
        "created_at": "2022-08-31T18:29:10Z",
        "updated_at": "2022-08-31T18:42:15Z",
        "last_entry_id": 347621
    },
    "feeds": [
        {
            "created_at": "2024-07-21T20:35:49Z",
            "entry_id": 347621,
            "field1": "-16.93750",
            "field2": "-22.00000",
            "field3": "8.31250"
        }
    ]
}