{
    "channel": {
        "id": 1849634,
        "name": "IEE_ADWC2023a",
        "latitude": "0.0",
        "longitude": "0.0",
        "field1": "Temp",
        "field2": "Humidity",
        "created_at": "2022-09-05T12:02:49Z",
        "updated_at": "2022-12-23T13:54:31Z",
        "last_entry_id": 17393
    },
    "feeds": [
        {
            "created_at": "2023-01-20T05:06:34Z",
            "entry_id": 17393,
            "field1": "28.80",
            "field2": "58.60"
        }
    ]
}