{
    "channel": {
        "id": 1852686,
        "name": "Temperature",
        "description": "T & h",
        "latitude": "0.0",
        "longitude": "0.0",
        "field1": "Temperature",
        "field2": "Humidity",
        "created_at": "2022-09-08T08:04:30Z",
        "updated_at": "2022-09-08T11:11:24Z",
        "last_entry_id": 811
    },
    "feeds": [
        {
            "created_at": "2022-09-12T07:37:07Z",
            "entry_id": 811,
            "field1": "25.90000",
            "field2": "66.00000"
        }
    ]
}