{
    "channel": {
        "id": 1901889,
        "name": "DSB WIFI SYS93/1901889",
        "latitude": "0.0",
        "longitude": "0.0",
        "field1": "Temperatura",
        "field2": "Temperatura Min",
        "field3": "Temperatura Max",
        "created_at": "2022-10-20T13:30:46Z",
        "updated_at": "2022-10-20T13:45:06Z",
        "last_entry_id": 349866
    },
    "feeds": [
        {
            "created_at": "2024-07-21T21:44:02Z",
            "entry_id": 349866,
            "field1": "3.37500",
            "field2": "-0.87500",
            "field3": "8.81250"
        }
    ]
}