{
    "channel": {
        "id": 1911410,
        "name": "Stazione Meteo di Giovanni",
        "description": "Dati della stazione meteo ",
        "latitude": "41.0619",
        "longitude": "17.0881",
        "field1": "Temperature",
        "field2": "Humidity",
        "created_at": "2022-10-27T21:27:02Z",
        "updated_at": "2023-02-11T22:51:46Z",
        "last_entry_id": 706
    },
    "feeds": [
        {
            "created_at": "2023-03-23T21:39:44Z",
            "entry_id": 706,
            "field1": "19.00",
            "field2": "67.00    "
        }
    ]
}