{
    "channel": {
        "id": 1916341,
        "name": "IoT s-2",
        "latitude": "14.1595093622",
        "longitude": "101.3456820132",
        "field1": "Temperature",
        "field2": "Humidity",
        "created_at": "2022-11-01T11:57:18Z",
        "updated_at": "2022-11-01T12:13:14Z",
        "last_entry_id": 66
    },
    "feeds": [
        {
            "created_at": "2022-11-01T12:26:05Z",
            "entry_id": 66,
            "field1": "27.40000",
            "field2": "42.00000"
        }
    ]
}