{
    "channel": {
        "id": 1923409,
        "name": "BME280",
        "latitude": "0.0",
        "longitude": "0.0",
        "field1": "Temperature",
        "field2": "Pressure",
        "field3": "Humidity",
        "created_at": "2022-11-07T08:54:25Z",
        "updated_at": "2022-11-07T09:20:31Z",
        "last_entry_id": 24
    },
    "feeds": [
        {
            "created_at": "2022-11-07T09:26:53Z",
            "entry_id": 24,
            "field1": "28.17000",
            "field2": "969.49548",
            "field3": "36.43652"
        }
    ]
}