{
    "channel": {
        "id": 1924174,
        "name": "DSB WIFI SSI45/1924174",
        "latitude": "0.0",
        "longitude": "0.0",
        "field1": "Temperatura",
        "field2": "Temperatura Min",
        "field3": "Temperatura Max",
        "created_at": "2022-11-07T19:46:04Z",
        "updated_at": "2022-11-07T19:55:06Z",
        "last_entry_id": 288195
    },
    "feeds": [
        {
            "created_at": "2024-06-13T19:54:01Z",
            "entry_id": 288195,
            "field1": "4.12500",
            "field2": "1.31250",
            "field3": "6.87500"
        }
    ]
}