{
    "channel": {
        "id": 1935904,
        "name": "Sensor De Internet ",
        "latitude": "0.0",
        "longitude": "0.0",
        "field1": "Temperatura",
        "field2": "Humedad",
        "created_at": "2022-11-14T22:01:29Z",
        "updated_at": "2022-11-14T22:08:01Z",
        "last_entry_id": 49
    },
    "feeds": [
        {
            "created_at": "2022-11-14T22:55:59Z",
            "entry_id": 49,
            "field1": "21.40000",
            "field2": "69.00000"
        }
    ]
}