{
    "channel": {
        "id": 1942398,
        "name": "LabFAT",
        "description": "LabFAT DHT sensor data.",
        "latitude": "0.0",
        "longitude": "0.0",
        "field1": "Temperature",
        "field2": "Humidity",
        "created_at": "2022-11-18T03:19:50Z",
        "updated_at": "2022-11-18T05:02:35Z",
        "last_entry_id": 5
    },
    "feeds": [
        {
            "created_at": "2022-11-18T04:32:35Z",
            "entry_id": 5,
            "field1": "30",
            "field2": "40"
        }
    ]
}