{
    "channel": {
        "id": 1948346,
        "name": "Weather Station",
        "latitude": "0.0",
        "longitude": "0.0",
        "field1": "Temperature",
        "field2": "Humidity",
        "field3": "Light",
        "field4": "Atmosphere",
        "created_at": "2022-11-22T04:11:37Z",
        "updated_at": "2024-03-25T01:45:43Z",
        "last_entry_id": 233
    },
    "feeds": [
        {
            "created_at": "2024-04-14T03:21:14Z",
            "entry_id": 233,
            "field1": "22",
            "field2": "27",
            "field3": "0",
            "field4": "85021"
        }
    ]
}