{
    "channel": {
        "id": 1953065,
        "name": "design and develop iot based industrial monitoring system",
        "latitude": "0.0",
        "longitude": "0.0",
        "field1": "temperature",
        "field2": "humidity",
        "created_at": "2022-11-24T07:17:01Z",
        "updated_at": "2022-12-15T06:45:58Z",
        "last_entry_id": 20
    },
    "feeds": [
        {
            "created_at": "2022-12-15T07:23:20Z",
            "entry_id": 20,
            "field1": "30.30",
            "field2": "63.00    "
        }
    ]
}