{
    "channel": {
        "id": 1964394,
        "name": "DHT11 Data",
        "description": "Demo",
        "latitude": "0.0",
        "longitude": "0.0",
        "field1": "Humidity",
        "field2": "Temperature",
        "created_at": "2022-12-01T05:10:40Z",
        "updated_at": "2022-12-01T05:14:43Z",
        "last_entry_id": 14
    },
    "feeds": [
        {
            "created_at": "2022-12-01T06:42:49Z",
            "entry_id": 14,
            "field1": "51.00000",
            "field2": "28.90000"
        }
    ]
}