{
    "channel": {
        "id": 1975005,
        "name": "Humidity Temperature Monitoring system",
        "latitude": "0.0",
        "longitude": "0.0",
        "field1": "Temperature",
        "field2": "Humidity",
        "created_at": "2022-12-08T22:02:36Z",
        "updated_at": "2022-12-09T12:41:55Z",
        "last_entry_id": 950
    },
    "feeds": [
        {
            "created_at": "2022-12-11T11:07:42Z",
            "entry_id": 950,
            "field1": "67.00",
            "field2": "25.40"
        }
    ]
}