{
    "channel": {
        "id": 1976408,
        "name": "Fish Feeder System",
        "latitude": "0.0",
        "longitude": "0.0",
        "field1": "Temperature",
        "field2": "Humidity",
        "created_at": "2022-12-10T06:33:18Z",
        "updated_at": "2022-12-10T06:33:30Z",
        "last_entry_id": 244
    },
    "feeds": [
        {
            "created_at": "2024-02-16T06:56:40Z",
            "entry_id": 244,
            "field1": null,
            "field2": "40"
        }
    ]
}