{
    "channel": {
        "id": 1977668,
        "name": "Quenching  Machine 1",
        "description": "Monitoring Pressure & Voltage  Quenching  Machine",
        "latitude": "0.0",
        "longitude": "0.0",
        "field1": "Pressure",
        "field2": "Voltage",
        "created_at": "2022-12-12T01:20:36Z",
        "updated_at": "2022-12-12T05:46:46Z",
        "last_entry_id": 38
    },
    "feeds": [
        {
            "created_at": "2022-12-12T08:38:34Z",
            "entry_id": 38,
            "field1": "1",
            "field2": null
        }
    ]
}