{
    "channel": {
        "id": 1995495,
        "name": "TEMPERATURE AND HUMIDITY ",
        "latitude": "0.0",
        "longitude": "0.0",
        "field1": "TEMPERATURE",
        "field2": "HUMIDITY",
        "created_at": "2022-12-29T05:19:59Z",
        "updated_at": "2022-12-29T05:34:11Z",
        "last_entry_id": 644
    },
    "feeds": [
        {
            "created_at": "2023-01-25T08:52:25Z",
            "entry_id": 644,
            "field1": "23.00",
            "field2": "48.00    "
        }
    ]
}