{
    "channel": {
        "id": 2002260,
        "name": "Temperature & Humidity QUail Egg Incubator ",
        "latitude": "0.0",
        "longitude": "0.0",
        "field1": "Temperature",
        "field2": "Humidity",
        "created_at": "2023-01-07T15:41:29Z",
        "updated_at": "2023-01-18T03:59:57Z",
        "last_entry_id": 5786
    },
    "feeds": [
        {
            "created_at": "2023-02-02T14:12:02Z",
            "entry_id": 5786,
            "field1": "34.20000",
            "field2": "72.00000"
        }
    ]
}