{
    "channel": {
        "id": 200438,
        "name": "smartchair 1.0",
        "description": "python program chair",
        "latitude": "0.0",
        "longitude": "0.0",
        "field1": "pressure",
        "field2": "temp",
        "created_at": "2016-12-07T10:50:21Z",
        "updated_at": "2016-12-07T11:03:37Z",
        "last_entry_id": 3
    },
    "feeds": [
        {
            "created_at": "2016-12-07T11:03:37Z",
            "entry_id": 3,
            "field1": "50",
            "field2": "70"
        }
    ]
}