{
    "channel": {
        "id": 200442,
        "name": "My smart chair",
        "description": "python course",
        "latitude": "0.0",
        "longitude": "0.0",
        "field1": "pressure",
        "field2": "temperature",
        "created_at": "2016-12-07T10:52:56Z",
        "updated_at": "2016-12-07T11:27:52Z",
        "last_entry_id": 8
    },
    "feeds": [
        {
            "created_at": "2016-12-07T11:27:52Z",
            "entry_id": 8,
            "field1": "68",
            "field2": "33"
        }
    ]
}