{
    "channel": {
        "id": 2012345,
        "name": "Mini - weather station",
        "description": "Sensor Readings:  Temperature, Pressure and Humidity",
        "latitude": "20.249931",
        "longitude": "85.8007751",
        "field1": "Temperature",
        "field2": "Pressure",
        "field3": "Humidity",
        "created_at": "2023-01-20T10:58:46Z",
        "updated_at": "2023-01-20T10:58:56Z",
        "last_entry_id": 10
    },
    "feeds": [
        {
            "created_at": "2023-01-20T14:00:48Z",
            "entry_id": 10,
            "field1": "29.29",
            "field2": "1012.14",
            "field3": "61.8"
        }
    ]
}