{
    "channel": {
        "id": 2017557,
        "name": "Mini.Weather.Station",
        "latitude": "0.0",
        "longitude": "0.0",
        "field1": "Temperature",
        "field2": "Pressure",
        "field3": "Humidity",
        "created_at": "2023-01-26T15:31:13Z",
        "updated_at": "2023-01-26T15:31:28Z",
        "last_entry_id": 12
    },
    "feeds": [
        {
            "created_at": "2023-02-01T11:21:36Z",
            "entry_id": 12,
            "field1": "23.77",
            "field2": "1004.80",
            "field3": "43.2"
        }
    ]
}