{
    "channel": {
        "id": 2028275,
        "name": "DSB WIFI NXT16/2028275",
        "latitude": "0.0",
        "longitude": "0.0",
        "field1": "Temperatura",
        "field2": "Temperatura Min",
        "field3": "Temperatura Max",
        "created_at": "2023-02-08T15:26:41Z",
        "updated_at": "2023-02-08T15:31:10Z",
        "last_entry_id": 22
    },
    "feeds": [
        {
            "created_at": "2023-02-08T16:24:59Z",
            "entry_id": 22,
            "field1": "27.56250",
            "field2": "27.31250",
            "field3": "29.00000"
        }
    ]
}