{
    "channel": {
        "id": 2030429,
        "name": "R K NIVAS TANK LEVEL MONITOR",
        "description": "Over head tank level display",
        "latitude": "0.0",
        "longitude": "0.0",
        "field1": "Distance",
        "created_at": "2023-02-11T05:45:18Z",
        "updated_at": "2023-04-25T09:51:00Z",
        "last_entry_id": 243
    },
    "feeds": [
        {
            "created_at": "2023-05-12T10:23:28Z",
            "entry_id": 243,
            "field1": "100"
        }
    ]
}