{
    "channel": {
        "id": 2031977,
        "name": "DSB WIFI NXT24/2031977",
        "latitude": "0.0",
        "longitude": "0.0",
        "field1": "Temperatura",
        "field2": "Temperatura Min",
        "field3": "Temperatura Max",
        "created_at": "2023-02-13T11:59:03Z",
        "updated_at": "2023-02-13T15:30:46Z",
        "last_entry_id": 138600
    },
    "feeds": [
        {
            "created_at": "2024-07-22T07:56:37Z",
            "entry_id": 138600,
            "field1": "-127.00000",
            "field2": "999.00000",
            "field3": "0.00000"
        }
    ]
}