{
    "channel": {
        "id": 203234,
        "name": "esp8266_Test",
        "description": "some data from esp",
        "latitude": "0.0",
        "longitude": "0.0",
        "field3": "Light",
        "field4": "Temp",
        "field5": "Humidity",
        "created_at": "2016-12-14T16:35:25Z",
        "updated_at": "2017-09-24T10:05:26Z",
        "last_entry_id": 72418
    },
    "feeds": [
        {
            "created_at": "2017-09-24T10:05:26Z",
            "entry_id": 72418,
            "field3": null,
            "field4": "23.50",
            "field5": "69.30    "
        }
    ]
}