{
    "channel": {
        "id": 2032032,
        "name": "Lap1 ThingSpeak",
        "latitude": "14.1593845276",
        "longitude": "101.3461433524",
        "field1": "Temperature",
        "field2": "Humidity",
        "created_at": "2023-02-13T12:22:19Z",
        "updated_at": "2023-02-13T12:55:24Z",
        "last_entry_id": 265
    },
    "feeds": [
        {
            "created_at": "2023-03-21T10:58:50Z",
            "entry_id": 265,
            "field1": "25.50000",
            "field2": "15.30000"
        }
    ]
}