{
    "channel": {
        "id": 2037948,
        "name": "Miniature Cold Storage ",
        "description": "Miniature Cold Storage based on IoT",
        "latitude": "0.0",
        "longitude": "0.0",
        "field1": "Temperature",
        "field2": "Humidity",
        "created_at": "2023-02-19T04:51:04Z",
        "updated_at": "2023-02-19T04:51:15Z",
        "last_entry_id": 566
    },
    "feeds": [
        {
            "created_at": "2023-05-09T08:58:21Z",
            "entry_id": 566,
            "field1": null,
            "field2": "82"
        }
    ]
}