{
    "channel": {
        "id": 2045801,
        "name": "Home Temp & Humidity DHT",
        "latitude": "0.0",
        "longitude": "0.0",
        "field1": "Temperatura",
        "field2": "Humedad",
        "created_at": "2023-02-26T20:06:25Z",
        "updated_at": "2023-02-28T04:48:58Z",
        "last_entry_id": 18658
    },
    "feeds": [
        {
            "created_at": "2024-01-27T23:33:37Z",
            "entry_id": 18658,
            "field1": "19.70",
            "field2": "37.60    "
        }
    ]
}