{
    "channel": {
        "id": 2050655,
        "name": "VIRAJ KULKARNI",
        "description": "MONITORING temp & humidity",
        "latitude": "0.0",
        "longitude": "0.0",
        "field1": "Temperature",
        "field2": "Humidity",
        "created_at": "2023-03-02T08:40:58Z",
        "updated_at": "2023-03-02T08:42:32Z",
        "last_entry_id": 6
    },
    "feeds": [
        {
            "created_at": "2023-03-02T08:53:36Z",
            "entry_id": 6,
            "field1": "10",
            "field2": null
        }
    ]
}