{
    "channel": {
        "id": 2063114,
        "name": "Varshini M",
        "latitude": "0.0",
        "longitude": "0.0",
        "field1": "Humidity",
        "field2": "Temperature",
        "field3": "Distance",
        "created_at": "2023-03-13T10:15:13Z",
        "updated_at": "2023-03-31T04:36:24Z",
        "last_entry_id": 13
    },
    "feeds": [
        {
            "created_at": "2023-04-24T14:24:18Z",
            "entry_id": 13,
            "field1": "40.00000",
            "field2": "24.00000",
            "field3": "138.00000"
        }
    ]
}