{
    "channel": {
        "id": 2070261,
        "name": "Climate sensor 1",
        "latitude": "0.0",
        "longitude": "0.0",
        "field1": "Temperature",
        "field2": "Humidity",
        "created_at": "2023-03-17T18:24:40Z",
        "updated_at": "2023-06-09T05:41:12Z",
        "last_entry_id": 156461
    },
    "feeds": [
        {
            "created_at": "2023-07-07T17:10:54Z",
            "entry_id": 156461,
            "field1": "26.10000",
            "field2": null
        }
    ]
}