{
    "channel": {
        "id": 2081405,
        "name": "Smart Home Environment Station",
        "description": "Record the data from the smart home device.",
        "latitude": "0.0",
        "longitude": "0.0",
        "field1": "Temperature",
        "field2": "Humidity",
        "field3": "Light",
        "created_at": "2023-03-26T08:52:36Z",
        "updated_at": "2023-03-26T11:47:23Z",
        "last_entry_id": 234
    },
    "feeds": [
        {
            "created_at": "2023-03-26T12:38:29Z",
            "entry_id": 234,
            "field1": "27.08",
            "field2": "61",
            "field3": "0"
        }
    ]
}