{
    "channel": {
        "id": 2087508,
        "name": "IS Project 2MT (23,27)",
        "latitude": "0.0",
        "longitude": "0.0",
        "field1": "Temperature",
        "field2": "Humidity",
        "created_at": "2023-03-30T03:31:37Z",
        "updated_at": "2023-03-30T03:31:45Z",
        "last_entry_id": 115
    },
    "feeds": [
        {
            "created_at": "2023-03-30T04:12:18Z",
            "entry_id": 115,
            "field1": "19.09",
            "field2": "60"
        }
    ]
}