{
    "channel": {
        "id": 2089668,
        "name": "activity_32",
        "description": "demo",
        "latitude": "0.0",
        "longitude": "0.0",
        "field1": "humidity",
        "field2": "temperature",
        "created_at": "2023-03-31T08:51:07Z",
        "updated_at": "2023-03-31T08:53:03Z",
        "last_entry_id": 18
    },
    "feeds": [
        {
            "created_at": "2023-03-31T09:51:19Z",
            "entry_id": 18,
            "field1": "70.00000",
            "field2": "36.30000"
        }
    ]
}