{
    "channel": {
        "id": 2093269,
        "name": "Nong Chok Park",
        "description": "Nong Chok Park, Nong Chok, Bangkok",
        "latitude": "13.855656",
        "longitude": "100.8585539",
        "field1": "PM2.5",
        "created_at": "2023-04-03T16:45:16Z",
        "updated_at": "2023-04-06T11:15:30Z",
        "last_entry_id": 14
    },
    "feeds": [
        {
            "created_at": "2023-04-12T09:00:00Z",
            "entry_id": 14,
            "field1": "38"
        }
    ]
}