{
    "channel": {
        "id": 2093248,
        "name": "Suan Luang Rama IX",
        "description": "Suan Luang Rama IX, Pravet, Bangkok",
        "latitude": "13.6881393",
        "longitude": "100.6579657",
        "field1": "PM2.5",
        "created_at": "2023-04-03T16:45:16Z",
        "updated_at": "2023-04-05T16:35:18Z",
        "last_entry_id": 15
    },
    "feeds": [
        {
            "created_at": "2023-04-12T09:00:00Z",
            "entry_id": 15,
            "field1": "30"
        }
    ]
}