{
    "channel": {
        "id": 2093245,
        "name": "Bodindecha Sing Singhaseni School",
        "description": "Pubpla, Khet Wang Thonglang, Bangkok",
        "latitude": "13.769634",
        "longitude": "100.614567",
        "field1": "PM2.5",
        "created_at": "2023-04-03T16:45:16Z",
        "updated_at": "2023-04-05T16:34:24Z",
        "last_entry_id": 12
    },
    "feeds": [
        {
            "created_at": "2023-04-12T09:00:00Z",
            "entry_id": 12,
            "field1": "29"
        }
    ]
}