{
    "channel": {
        "id": 2095758,
        "name": "CW1_Robotics",
        "latitude": "0.0",
        "longitude": "0.0",
        "field1": "Temperature",
        "field2": "Humidity",
        "field3": "Moisture",
        "created_at": "2023-04-05T06:25:41Z",
        "updated_at": "2023-04-19T05:59:26Z",
        "last_entry_id": 559
    },
    "feeds": [
        {
            "created_at": "2023-05-28T08:11:53Z",
            "entry_id": 559,
            "field1": "23.90000",
            "field2": "62.00000",
            "field3": "77"
        }
    ]
}