{
    "channel": {
        "id": 2099686,
        "name": "Lab Test IoT",
        "latitude": "0.0",
        "longitude": "0.0",
        "field1": "Temperature",
        "field2": "Humidity",
        "created_at": "2023-04-10T00:24:49Z",
        "updated_at": "2023-04-10T00:24:54Z",
        "last_entry_id": 45
    },
    "feeds": [
        {
            "created_at": "2023-04-10T01:15:30Z",
            "entry_id": 45,
            "field1": "50226121297",
            "field2": "50.00"
        }
    ]
}