{
    "channel": {
        "id": 2108077,
        "name": "DHT11 Readings",
        "latitude": "0.0",
        "longitude": "0.0",
        "field1": "Temperature",
        "field2": "Humidity",
        "created_at": "2023-04-15T09:31:12Z",
        "updated_at": "2023-04-15T10:51:56Z",
        "last_entry_id": 72
    },
    "feeds": [
        {
            "created_at": "2023-04-20T15:35:11Z",
            "entry_id": 72,
            "field1": "22.80000",
            "field2": "34.00000"
        }
    ]
}