{
    "channel": {
        "id": 2112929,
        "name": "hot lecture 3 examples ",
        "description": "this is the description ",
        "latitude": "0.0",
        "longitude": "0.0",
        "field1": "humidity",
        "field2": "temperature",
        "created_at": "2023-04-19T08:15:31Z",
        "updated_at": "2023-04-19T08:17:38Z",
        "last_entry_id": 4
    },
    "feeds": [
        {
            "created_at": "2023-04-19T08:47:48Z",
            "entry_id": 4,
            "field1": null,
            "field2": "37"
        }
    ]
}