{
    "channel": {
        "id": 2117479,
        "name": "Temperature humidity",
        "latitude": "0.0",
        "longitude": "0.0",
        "field1": "Temperature",
        "field2": "Humidity",
        "created_at": "2023-04-21T12:48:33Z",
        "updated_at": "2023-04-24T03:19:40Z",
        "last_entry_id": 22
    },
    "feeds": [
        {
            "created_at": "2023-05-01T02:15:07Z",
            "entry_id": 22,
            "field1": "28",
            "field2": "40"
        }
    ]
}