{
    "channel": {
        "id": 2120208,
        "name": "IoT Lecture 3 example",
        "description": "This is the description",
        "latitude": "0.0",
        "longitude": "0.0",
        "field1": "Humidity",
        "field2": "Temperature",
        "created_at": "2023-04-24T20:39:55Z",
        "updated_at": "2023-04-24T20:41:40Z",
        "last_entry_id": 24
    },
    "feeds": [
        {
            "created_at": "2023-04-24T21:49:15Z",
            "entry_id": 24,
            "field1": "8.132913682702831",
            "field2": "9.882653134358728"
        }
    ]
}