{
    "channel": {
        "id": 2128570,
        "name": "Temperature and Humidity monitoring",
        "description": "Data Logging",
        "latitude": "0.0",
        "longitude": "0.0",
        "field1": "Temperature",
        "field2": "Humidity",
        "created_at": "2023-04-30T06:42:59Z",
        "updated_at": "2023-04-30T07:02:28Z",
        "last_entry_id": 35
    },
    "feeds": [
        {
            "created_at": "2023-04-30T07:04:40Z",
            "entry_id": 35,
            "field1": "31",
            "field2": null
        }
    ]
}