{
    "channel": {
        "id": 2132080,
        "name": "DHT11 Sensor Data",
        "latitude": "0.0",
        "longitude": "0.0",
        "field1": "Temperature",
        "field2": "Humidity",
        "created_at": "2023-05-03T05:40:50Z",
        "updated_at": "2023-05-03T05:41:01Z",
        "last_entry_id": 16
    },
    "feeds": [
        {
            "created_at": "2023-05-03T05:47:07Z",
            "entry_id": 16,
            "field1": "26.0",
            "field2": "56.0"
        }
    ]
}