{
    "channel": {
        "id": 2137774,
        "name": "WEATHER STATION",
        "description": "To check the air quality in the environment",
        "latitude": "13.0827",
        "longitude": "80.2707",
        "field1": "Temperature",
        "field2": "Humidity",
        "created_at": "2023-05-08T10:40:52Z",
        "updated_at": "2023-07-17T11:19:53Z",
        "last_entry_id": 101
    },
    "feeds": [
        {
            "created_at": "2023-07-17T11:27:00Z",
            "entry_id": 101,
            "field1": "72.8",
            "field2": "95"
        }
    ]
}