{
    "channel": {
        "id": 2139176,
        "name": "Proyecto_IoT_G4",
        "description": "IoT Proyect",
        "latitude": "0.0",
        "longitude": "0.0",
        "field1": "Temperatura",
        "field2": "Humedad",
        "created_at": "2023-05-09T02:11:46Z",
        "updated_at": "2023-05-09T02:17:03Z",
        "elevation": "532",
        "last_entry_id": 81617
    },
    "feeds": [
        {
            "created_at": "2023-06-23T19:54:44Z",
            "entry_id": 81617,
            "field1": "21.40",
            "field2": "59.00    "
        }
    ]
}