{
    "channel": {
        "id": 2149687,
        "name": "MeteoMilano",
        "latitude": "0.0",
        "longitude": "0.0",
        "field1": "Temperatura",
        "field2": "Umidit\u00e0",
        "created_at": "2023-05-16T13:11:23Z",
        "updated_at": "2023-05-18T13:23:13Z",
        "last_entry_id": 16
    },
    "feeds": [
        {
            "created_at": "2023-06-17T22:42:51Z",
            "entry_id": 16,
            "field1": "20.860000000000014",
            "field2": "67"
        }
    ]
}