{
    "channel": {
        "id": 2154523,
        "name": "Sensor Data From AM2302",
        "description": "Temperature/Humidity at 15 seconds",
        "latitude": "0.0",
        "longitude": "0.0",
        "field1": "Temperature",
        "field2": "Humidity",
        "created_at": "2023-05-19T01:33:59Z",
        "updated_at": "2023-05-19T01:34:08Z",
        "last_entry_id": 10
    },
    "feeds": [
        {
            "created_at": "2023-05-19T02:17:30Z",
            "entry_id": 10,
            "field1": "26",
            "field2": "65"
        }
    ]
}