{
    "channel": {
        "id": 2154888,
        "name": "Sensor data from AM2302",
        "latitude": "0.0",
        "longitude": "0.0",
        "field1": "Temperature",
        "field2": "Humidity",
        "created_at": "2023-05-19T06:28:15Z",
        "updated_at": "2023-05-19T06:30:33Z",
        "last_entry_id": 17
    },
    "feeds": [
        {
            "created_at": "2023-05-19T07:07:48Z",
            "entry_id": 17,
            "field1": "23",
            "field2": "55"
        }
    ]
}