{
    "channel": {
        "id": 2154514,
        "name": "SENSOR DATA FROM AM2302",
        "description": "TEMPERATURE / HUMIDITY DATA AT 15 SECONDS INTERVAL",
        "latitude": "0.0",
        "longitude": "0.0",
        "field1": "TEMPERATURE",
        "field2": "HUMIDITY",
        "created_at": "2023-05-19T01:32:23Z",
        "updated_at": "2023-05-19T01:33:56Z",
        "last_entry_id": 10
    },
    "feeds": [
        {
            "created_at": "2023-05-19T01:53:47Z",
            "entry_id": 10,
            "field1": "26",
            "field2": "65"
        }
    ]
}