{
    "channel": {
        "id": 2161456,
        "name": "Temperatura_board",
        "description": "temperatura interna alla board NUCLEOF401RE nel mio studio",
        "latitude": "40.8179128182",
        "longitude": "14.1748320118",
        "field1": "temperatura",
        "created_at": "2023-05-24T10:02:00Z",
        "updated_at": "2023-05-24T10:10:47Z",
        "last_entry_id": 4
    },
    "feeds": [
        {
            "created_at": "2023-06-07T11:18:38Z",
            "entry_id": 4,
            "field1": "31.99"
        }
    ]
}