{
    "channel": {
        "id": 2162294,
        "name": "Wokwi",
        "description": "Esp32 en Wokwi",
        "latitude": "0.0",
        "longitude": "0.0",
        "field1": "Temperatura",
        "field2": "Humedad",
        "created_at": "2023-05-25T01:07:52Z",
        "updated_at": "2023-06-28T21:44:59Z",
        "last_entry_id": 14
    },
    "feeds": [
        {
            "created_at": "2023-06-28T22:55:55Z",
            "entry_id": 14,
            "field1": "80",
            "field2": "100"
        }
    ]
}