{
    "channel": {
        "id": 216780,
        "name": "dario test ",
        "description": "temperature of home",
        "latitude": "0.0",
        "longitude": "0.0",
        "field1": "temperature",
        "field2": "humidity",
        "created_at": "2017-01-20T08:38:40Z",
        "updated_at": "2017-02-22T07:50:04Z",
        "last_entry_id": 6
    },
    "feeds": [
        {
            "created_at": "2017-02-22T07:50:04Z",
            "entry_id": 6,
            "field1": "21.00",
            "field2": "67.00"
        }
    ]
}