{
    "channel": {
        "id": 2168791,
        "name": "Medi\u00e7\u00e3o Temperatura",
        "description": "Medi\u00e7\u00e3o de temperatura para P2",
        "latitude": "0.0",
        "longitude": "0.0",
        "field1": "Temp",
        "created_at": "2023-05-30T22:13:17Z",
        "updated_at": "2023-05-30T22:26:48Z",
        "last_entry_id": 25
    },
    "feeds": [
        {
            "created_at": "2023-05-30T22:39:12Z",
            "entry_id": 25,
            "field1": "40.609375"
        }
    ]
}