{
    "channel": {
        "id": 2171050,
        "name": "Test Environmental Sensors",
        "latitude": "0.0",
        "longitude": "0.0",
        "field1": "temperature",
        "field2": "pressure",
        "field3": "humidity",
        "created_at": "2023-06-01T06:16:02Z",
        "updated_at": "2023-06-01T06:48:10Z",
        "last_entry_id": 61
    },
    "feeds": [
        {
            "created_at": "2023-06-01T08:39:33Z",
            "entry_id": 61,
            "field1": "24.96796",
            "field2": "100590.9",
            "field3": "68.27955"
        }
    ]
}