{
    "channel": {
        "id": 2177203,
        "name": "Reza.ia",
        "latitude": "0.0",
        "longitude": "0.0",
        "field1": "Temperatura",
        "field2": "Humedad",
        "created_at": "2023-06-05T21:53:37Z",
        "updated_at": "2023-06-05T21:54:00Z",
        "last_entry_id": 17
    },
    "feeds": [
        {
            "created_at": "2023-06-05T23:13:57Z",
            "entry_id": 17,
            "field1": "25.90000",
            "field2": "72.00000"
        }
    ]
}