{
    "channel": {
        "id": 2187276,
        "name": "temperature&humidity",
        "description": "practice",
        "latitude": "0.0",
        "longitude": "0.0",
        "field1": "Temperature",
        "field2": "Humidity",
        "created_at": "2023-06-13T11:01:28Z",
        "updated_at": "2023-06-13T11:04:01Z",
        "last_entry_id": 7
    },
    "feeds": [
        {
            "created_at": "2023-06-21T05:47:16Z",
            "entry_id": 7,
            "field1": null,
            "field2": "8"
        }
    ]
}