{
    "channel": {
        "id": 2194314,
        "name": "MITAPP_Thingspeak",
        "description": "DHT11",
        "latitude": "0.0",
        "longitude": "0.0",
        "field1": "Temp",
        "field2": "Humidity",
        "created_at": "2023-06-19T10:57:02Z",
        "updated_at": "2023-06-20T09:06:16Z",
        "last_entry_id": 417
    },
    "feeds": [
        {
            "created_at": "2023-06-20T11:39:53Z",
            "entry_id": 417,
            "field1": "25.0",
            "field2": "50.0"
        }
    ]
}