{
    "channel": {
        "id": 21973,
        "name": "Channel 21973",
        "latitude": "0.0",
        "longitude": "0.0",
        "field1": "Temperature",
        "field2": "Light",
        "created_at": "2014-12-29T11:24:22Z",
        "updated_at": "2018-01-28T14:36:01Z",
        "last_entry_id": 426556
    },
    "feeds": [
        {
            "created_at": "2019-11-30T12:57:06Z",
            "entry_id": 426556,
            "field1": "23.5000",
            "field2": null
        }
    ]
}