{
    "channel": {
        "id": 2213881,
        "name": "KIT8 DTH USB47/2213881",
        "description": "Nextcon LTDA",
        "latitude": "0.0",
        "longitude": "0.0",
        "field1": "Temperatura",
        "field2": "Umidade",
        "field3": "Temperatura Min",
        "field4": "Temperatura Max",
        "created_at": "2023-07-06T13:16:14Z",
        "updated_at": "2023-07-06T13:31:09Z",
        "last_entry_id": 203318
    },
    "feeds": [
        {
            "created_at": "2024-07-22T09:44:58Z",
            "entry_id": 203318,
            "field1": "20.4",
            "field2": "36",
            "field3": "19.6",
            "field4": "25.8"
        }
    ]
}