{
    "channel": {
        "id": 2233703,
        "name": "DSB WIFI USB 67/2233703",
        "description": "Nextcon LTDA",
        "latitude": "0.0",
        "longitude": "0.0",
        "field1": "Temperatura",
        "field2": "Temperatura Min",
        "field3": "Temperatura Max",
        "created_at": "2023-08-04T16:10:17Z",
        "updated_at": "2023-08-04T16:10:37Z",
        "last_entry_id": 1720
    },
    "feeds": [
        {
            "created_at": "2023-08-29T13:41:10Z",
            "entry_id": 1720,
            "field1": "26.3",
            "field2": "25.8",
            "field3": "26.3"
        }
    ]
}