{
    "channel": {
        "id": 2239,
        "name": "Plant Moisture 17-410",
        "description": "Moisture Level in My Office Pot Plant via a Botanicalls Module in Learning Innovation Building, Room 410.",
        "latitude": "-27.4998352642",
        "longitude": "153.0154162645",
        "field1": "Moisture",
        "created_at": "2012-04-20T04:11:07Z",
        "updated_at": "2013-08-30T00:30:43Z",
        "elevation": "60",
        "last_entry_id": 21355
    },
    "feeds": [
        {
            "created_at": "2013-08-30T00:30:43Z",
            "entry_id": 21355,
            "field1": "758"
        }
    ]
}