{
    "channel": {
        "id": 2241685,
        "name": "SmartAgri",
        "description": "Smart Agriculture using IOT",
        "latitude": "0.0",
        "longitude": "0.0",
        "field1": "Temperature",
        "field2": "Humidity",
        "field3": "Moisture",
        "created_at": "2023-08-16T00:22:35Z",
        "updated_at": "2023-08-16T00:23:18Z",
        "last_entry_id": 737
    },
    "feeds": [
        {
            "created_at": "2023-08-18T12:16:57Z",
            "entry_id": 737,
            "field1": "24.50",
            "field2": "69.00",
            "field3": "10        "
        }
    ]
}