{
    "channel": {
        "id": 2244813,
        "name": "DSB WIFI USB 76/2244813",
        "description": "Nextcon LTDA",
        "latitude": "0.0",
        "longitude": "0.0",
        "field1": "Temperatura",
        "field2": "Temperatura Min",
        "field3": "Temperatura Max",
        "created_at": "2023-08-18T18:36:57Z",
        "updated_at": "2023-08-18T18:39:50Z",
        "last_entry_id": 4654
    },
    "feeds": [
        {
            "created_at": "2023-09-17T01:50:04Z",
            "entry_id": 4654,
            "field1": "24.3",
            "field2": "21.8",
            "field3": "24.6"
        }
    ]
}