{
    "channel": {
        "id": 226232,
        "name": "ARDUINO+ESP8266_01+TEMPERATURE",
        "description": "Invio dati temperatura con Arduino + ESP8266 + Sensore Temperatura",
        "latitude": "0.0",
        "longitude": "0.0",
        "field1": "Temperatura",
        "created_at": "2017-02-11T15:29:11Z",
        "updated_at": "2017-02-11T17:47:22Z",
        "last_entry_id": 352
    },
    "feeds": [
        {
            "created_at": "2017-02-11T17:47:22Z",
            "entry_id": 352,
            "field1": "1.47"
        }
    ]
}