{
    "channel": {
        "id": 2263956,
        "name": "ESP8266-DHT11",
        "description": "ESP8266 and DHT11",
        "latitude": "0.0",
        "longitude": "0.0",
        "field1": "Temperature",
        "field2": "Humidity",
        "field3": "Light",
        "field4": "Atmosphere",
        "created_at": "2023-09-08T04:53:02Z",
        "updated_at": "2023-10-01T07:31:23Z",
        "last_entry_id": 17
    },
    "feeds": [
        {
            "created_at": "2024-07-14T23:49:07Z",
            "entry_id": 17,
            "field1": "25",
            "field2": "54",
            "field3": "0",
            "field4": "99265"
        }
    ]
}