{
    "channel": {
        "id": 2265636,
        "name": "Home Automotion",
        "latitude": "0.0",
        "longitude": "0.0",
        "field1": "Temperature",
        "field2": "Humidity",
        "created_at": "2023-09-09T10:46:05Z",
        "updated_at": "2023-09-09T10:48:04Z",
        "last_entry_id": 49
    },
    "feeds": [
        {
            "created_at": "2023-09-09T11:10:39Z",
            "entry_id": 49,
            "field1": "28.40000",
            "field2": "48.00000"
        }
    ]
}