{
    "channel": {
        "id": 226659,
        "name": "Temp",
        "latitude": "0.0",
        "longitude": "0.0",
        "field1": "Temperature",
        "field2": "Humidity",
        "created_at": "2017-02-12T21:01:38Z",
        "updated_at": "2018-10-18T10:02:04Z",
        "last_entry_id": 12978416
    },
    "feeds": [
        {
            "created_at": "2024-07-20T12:53:05Z",
            "entry_id": 12978416,
            "field1": "25.94",
            "field2": null
        }
    ]
}