{
    "channel": {
        "id": 2277575,
        "name": "DSB WIFI TERMOWF04/ 2277575",
        "description": "Nextcon LTDA",
        "latitude": "0.0",
        "longitude": "0.0",
        "field1": "Temperatura",
        "field2": "Temperatura Min",
        "field3": "Temperatura Max",
        "created_at": "2023-09-21T13:13:43Z",
        "updated_at": "2023-09-21T13:14:02Z",
        "last_entry_id": 32916
    },
    "feeds": [
        {
            "created_at": "2024-02-21T18:18:30Z",
            "entry_id": 32916,
            "field1": "24.0",
            "field2": "12.5",
            "field3": "35.7"
        }
    ]
}