{
    "channel": {
        "id": 2281380,
        "name": "DSB WIFI CLOUD 5/2281380",
        "description": "Nextcon LTDA",
        "latitude": "0.0",
        "longitude": "0.0",
        "field1": "Temperatura",
        "field2": "Temperatura Min",
        "field3": "Temperatura Max",
        "created_at": "2023-09-25T16:25:03Z",
        "updated_at": "2023-09-25T16:27:35Z",
        "last_entry_id": 8986
    },
    "feeds": [
        {
            "created_at": "2024-03-01T18:06:54Z",
            "entry_id": 8986,
            "field1": "36.8",
            "field2": "34.6",
            "field3": "41.2"
        }
    ]
}