{
    "channel": {
        "id": 2281699,
        "name": "ESP32 DHT11",
        "description": "Kelompok 8 : V3922023-V3922025-V3922026",
        "latitude": "0.0",
        "longitude": "0.0",
        "field1": "Humidity",
        "field2": "Temperature",
        "created_at": "2023-09-26T02:19:28Z",
        "updated_at": "2023-09-26T03:00:02Z",
        "last_entry_id": 53
    },
    "feeds": [
        {
            "created_at": "2023-09-26T05:38:14Z",
            "entry_id": 53,
            "field1": "26.30",
            "field2": "52.00"
        }
    ]
}