{
    "channel": {
        "id": 228850,
        "name": "Environmental",
        "description": "ESP-12E Measuring Temperature, Humidity, and Barometric Pressure.",
        "latitude": "0.0",
        "longitude": "0.0",
        "field1": "Temperature",
        "field2": "Humidity",
        "field3": "Pressure",
        "created_at": "2017-02-18T05:44:12Z",
        "updated_at": "2017-03-22T13:31:17Z",
        "last_entry_id": 1447
    },
    "feeds": [
        {
            "created_at": "2017-03-22T13:31:17Z",
            "entry_id": 1447,
            "field1": "76.0",
            "field2": "13.2",
            "field3": "29.79"
        }
    ]
}