{
    "channel": {
        "id": 2348227,
        "name": "Sensor data for PYPROG",
        "description": "Temperature and humidity data at 15 sec intervals.",
        "latitude": "0.0",
        "longitude": "0.0",
        "field1": "Temperature",
        "field2": "Humidity",
        "created_at": "2023-11-17T06:12:44Z",
        "updated_at": "2023-11-17T06:18:33Z",
        "last_entry_id": 10
    },
    "feeds": [
        {
            "created_at": "2023-11-17T07:01:22Z",
            "entry_id": 10,
            "field1": "26",
            "field2": "65"
        }
    ]
}