{
    "channel": {
        "id": 2348381,
        "name": "Sensor data from AM2302",
        "description": "Temperature & humidity data at 15 second intervals.",
        "latitude": "0.0",
        "longitude": "0.0",
        "field1": "Temperature",
        "field2": "Humidity",
        "created_at": "2023-11-17T06:59:21Z",
        "updated_at": "2023-11-17T07:33:37Z",
        "last_entry_id": 10
    },
    "feeds": [
        {
            "created_at": "2023-11-17T07:16:56Z",
            "entry_id": 10,
            "field1": "26",
            "field2": "65"
        }
    ]
}