{
    "channel": {
        "id": 2354843,
        "name": "TempLightSensor",
        "latitude": "0.0",
        "longitude": "0.0",
        "field1": "Temperature",
        "field2": "Light",
        "created_at": "2023-11-22T22:55:47Z",
        "updated_at": "2023-11-23T00:10:22Z",
        "last_entry_id": 31
    },
    "feeds": [
        {
            "created_at": "2023-11-29T06:38:10Z",
            "entry_id": 31,
            "field1": "196.50000",
            "field2": "417"
        }
    ]
}