{
    "channel": {
        "id": 2357644,
        "name": "AMS I",
        "latitude": "0.0",
        "longitude": "0.0",
        "field1": "Temp",
        "field2": "Humidity",
        "field3": "Pressure",
        "field4": "Gas",
        "created_at": "2023-11-25T00:37:53Z",
        "updated_at": "2024-01-14T08:57:17Z",
        "last_entry_id": 265545
    },
    "feeds": [
        {
            "created_at": "2024-07-01T00:13:23Z",
            "entry_id": 265545,
            "field1": "16.82",
            "field2": "7.56",
            "field3": "967.67",
            "field4": "428.46"
        }
    ]
}