{
    "channel": {
        "id": 2357717,
        "name": "Smart City",
        "description": "Smart City",
        "latitude": "0.0",
        "longitude": "0.0",
        "field1": "light",
        "field2": "temperature",
        "created_at": "2023-11-25T03:07:57Z",
        "updated_at": "2023-11-25T03:23:36Z",
        "last_entry_id": 52
    },
    "feeds": [
        {
            "created_at": "2023-11-25T03:36:08Z",
            "entry_id": 52,
            "field1": "70",
            "field2": "50"
        }
    ]
}