{
    "channel": {
        "id": 2369794,
        "name": "DSB WIFI CLOUD 68/2369794",
        "description": "Nextcon LTDA",
        "latitude": "0.0",
        "longitude": "0.0",
        "field1": "Temperatura",
        "field2": "Temperatura Min",
        "field3": "Temperatura Max",
        "created_at": "2023-12-05T18:24:05Z",
        "updated_at": "2023-12-05T18:24:24Z",
        "last_entry_id": 27878
    },
    "feeds": [
        {
            "created_at": "2024-07-22T15:08:12Z",
            "entry_id": 27878,
            "field1": "3.3",
            "field2": "1.8",
            "field3": "6.1"
        }
    ]
}