{
    "channel": {
        "id": 2394331,
        "name": "DSB WIFI CLOUD 82/2394331",
        "description": "Nextcon LTDA",
        "latitude": "0.0",
        "longitude": "0.0",
        "field1": "Temperatura",
        "field2": "Temperatura Min",
        "field3": "Temperatura Max",
        "created_at": "2024-01-03T15:14:20Z",
        "updated_at": "2024-01-03T15:14:38Z",
        "last_entry_id": 76167
    },
    "feeds": [
        {
            "created_at": "2024-07-22T15:26:33Z",
            "entry_id": 76167,
            "field1": "8.6",
            "field2": "6.5",
            "field3": "12.5"
        }
    ]
}