{
    "channel": {
        "id": 2396156,
        "name": "DHT11",
        "description": "Humidity and temperature project.",
        "latitude": "0.0",
        "longitude": "0.0",
        "field1": "temp",
        "field2": "hum",
        "created_at": "2024-01-06T08:49:25Z",
        "updated_at": "2024-01-06T08:51:39Z",
        "last_entry_id": 36
    },
    "feeds": [
        {
            "created_at": "2024-01-06T09:27:19Z",
            "entry_id": 36,
            "field1": "29.00",
            "field2": "66.00"
        }
    ]
}