{
    "channel": {
        "id": 2401242,
        "name": "Sensor Data from DHT 11",
        "latitude": "0.0",
        "longitude": "0.0",
        "field1": "Temperature",
        "field2": "Humidity",
        "created_at": "2024-01-12T03:19:22Z",
        "updated_at": "2024-01-12T03:20:52Z",
        "last_entry_id": 175
    },
    "feeds": [
        {
            "created_at": "2024-02-16T01:32:35Z",
            "entry_id": 175,
            "field1": "24.2",
            "field2": "69.0"
        }
    ]
}