{
    "channel": {
        "id": 2404807,
        "name": "srihas",
        "latitude": "0.0",
        "longitude": "0.0",
        "field1": "Temperature",
        "field2": "Humidity",
        "field3": "Light",
        "field4": "Atmosphere",
        "created_at": "2024-01-17T11:14:53Z",
        "updated_at": "2024-01-17T11:15:48Z",
        "last_entry_id": 2
    },
    "feeds": [
        {
            "created_at": "2024-01-17T12:15:53Z",
            "entry_id": 2,
            "field1": "21",
            "field2": "59",
            "field3": "95",
            "field4": "2147483647"
        }
    ]
}