{
    "channel": {
        "id": 2408560,
        "name": "Weather Station",
        "latitude": "7.9087033",
        "longitude": "98.3936032",
        "field1": "Temperature",
        "field2": "Humidity",
        "created_at": "2024-01-22T07:28:59Z",
        "updated_at": "2024-01-22T07:32:59Z",
        "last_entry_id": 145
    },
    "feeds": [
        {
            "created_at": "2024-01-22T09:08:34Z",
            "entry_id": 145,
            "field1": "39.41",
            "field2": "65.83"
        }
    ]
}