{
    "channel": {
        "id": 2409757,
        "name": "ESP8266-DHT11 Bedroom Bram",
        "latitude": "0.0",
        "longitude": "0.0",
        "field1": "Temperature",
        "field2": "Humidity",
        "created_at": "2024-01-23T09:45:07Z",
        "updated_at": "2024-01-23T10:22:53Z",
        "last_entry_id": 208562
    },
    "feeds": [
        {
            "created_at": "2024-07-22T15:30:03Z",
            "entry_id": 208562,
            "field1": "25.00",
            "field2": "64.00"
        }
    ]
}