{
    "channel": {
        "id": 2410433,
        "name": "loT project",
        "description": "IS and CL",
        "latitude": "0.0",
        "longitude": "0.0",
        "field1": "Temperature",
        "field2": "humidity",
        "field3": "co2",
        "created_at": "2024-01-24T03:59:50Z",
        "updated_at": "2024-03-07T04:10:20Z",
        "last_entry_id": 21
    },
    "feeds": [
        {
            "created_at": "2024-03-07T04:15:27Z",
            "entry_id": 21,
            "field1": "20.06",
            "field2": "55",
            "field3": "null"
        }
    ]
}