{
    "channel": {
        "id": 2412506,
        "name": "test channel",
        "latitude": "0.0",
        "longitude": "0.0",
        "field1": "temperature",
        "field2": "pressure",
        "field3": "humidity",
        "created_at": "2024-01-25T19:36:43Z",
        "updated_at": "2024-01-29T16:02:45Z",
        "last_entry_id": 204
    },
    "feeds": [
        {
            "created_at": "2024-01-29T19:46:18Z",
            "entry_id": 204,
            "field1": "42",
            "field2": "100912",
            "field3": "0"
        }
    ]
}