{
    "channel": {
        "id": 2416085,
        "name": "temp and humidiry analysisi",
        "description": "calculating data of humidity and temp",
        "latitude": "0.0",
        "longitude": "0.0",
        "field1": "temp",
        "field2": "humidity",
        "created_at": "2024-01-30T09:13:37Z",
        "updated_at": "2024-01-30T10:10:51Z",
        "last_entry_id": 19
    },
    "feeds": [
        {
            "created_at": "2024-01-30T10:18:05Z",
            "entry_id": 19,
            "field1": "27.0",
            "field2": "17.0"
        }
    ]
}