{
    "channel": {
        "id": 2419648,
        "name": "IoT For ITI",
        "latitude": "0.0",
        "longitude": "0.0",
        "field1": "Temperature",
        "field2": "Humidity",
        "field3": "Moisture",
        "created_at": "2024-02-02T07:11:58Z",
        "updated_at": "2024-03-27T09:47:25Z",
        "last_entry_id": 156
    },
    "feeds": [
        {
            "created_at": "2024-02-09T08:26:51Z",
            "entry_id": 156,
            "field1": "29.20000",
            "field2": "43.50000",
            "field3": null
        }
    ]
}