{
    "channel": {
        "id": 2421362,
        "name": "Heat Transfer (HT)",
        "latitude": "0.0",
        "longitude": "0.0",
        "field1": "Temperature",
        "field2": "Humidity",
        "created_at": "2024-02-04T06:57:14Z",
        "updated_at": "2024-02-04T07:06:49Z",
        "last_entry_id": 26661
    },
    "feeds": [
        {
            "created_at": "2024-07-18T18:23:57Z",
            "entry_id": 26661,
            "field1": "29.60",
            "field2": "51.90"
        }
    ]
}