{
    "channel": {
        "id": 2441489,
        "name": "Test Environment Sensors",
        "latitude": "0.0",
        "longitude": "0.0",
        "field1": "Temperature",
        "field2": "Pressure",
        "field3": "Humidity",
        "created_at": "2024-02-22T06:23:01Z",
        "updated_at": "2024-02-22T06:42:56Z",
        "last_entry_id": 132
    },
    "feeds": [
        {
            "created_at": "2024-02-22T08:27:18Z",
            "entry_id": 132,
            "field1": "37.83627",
            "field2": "100662.1",
            "field3": "39.06462"
        }
    ]
}