{
    "channel": {
        "id": 2453565,
        "name": "led",
        "latitude": "0.0",
        "longitude": "0.0",
        "field1": "led1",
        "field2": "led2",
        "field3": "led3",
        "created_at": "2024-03-02T07:32:10Z",
        "updated_at": "2024-03-02T07:32:28Z",
        "last_entry_id": 4
    },
    "feeds": [
        {
            "created_at": "2024-03-02T07:46:12Z",
            "entry_id": 4,
            "field1": "0",
            "field2": "1",
            "field3": "1"
        }
    ]
}