{
    "channel": {
        "id": 2453973,
        "name": "Prog_ESA_1",
        "latitude": "0.0",
        "longitude": "0.0",
        "field1": "Temperature",
        "field2": "Humidity",
        "created_at": "2024-03-02T16:50:10Z",
        "updated_at": "2024-03-02T17:23:47Z",
        "last_entry_id": 668
    },
    "feeds": [
        {
            "created_at": "2024-04-22T15:30:36Z",
            "entry_id": 668,
            "field1": "19.22779",
            "field2": "38.12408"
        }
    ]
}