{
    "channel": {
        "id": 2459885,
        "name": "Room601",
        "latitude": "0.0",
        "longitude": "0.0",
        "field1": "Temp",
        "field2": "Humidity",
        "field3": "Pressure",
        "created_at": "2024-03-07T02:15:56Z",
        "updated_at": "2024-03-07T04:24:56Z",
        "last_entry_id": 26
    },
    "feeds": [
        {
            "created_at": "2024-03-07T04:05:02Z",
            "entry_id": 26,
            "field1": "24.68",
            "field2": "20.87",
            "field3": "1006.88"
        }
    ]
}