{
    "channel": {
        "id": 2459574,
        "name": "Temperature & Humidity Monitoring (Room 1)",
        "latitude": "0.0",
        "longitude": "0.0",
        "field1": "Temperature",
        "field2": "Humidity",
        "created_at": "2024-03-06T15:41:50Z",
        "updated_at": "2024-03-15T18:18:33Z",
        "last_entry_id": 55400
    },
    "feeds": [
        {
            "created_at": "2024-04-15T23:22:02Z",
            "entry_id": 55400,
            "field1": "29.40",
            "field2": "83.60"
        }
    ]
}