{
    "channel": {
        "id": 2465070,
        "name": "Weather Monitoring System",
        "latitude": "0.0",
        "longitude": "0.0",
        "field1": "Temperature",
        "field2": "Humidity",
        "created_at": "2024-03-11T15:46:07Z",
        "updated_at": "2024-03-31T13:01:29Z",
        "last_entry_id": 90
    },
    "feeds": [
        {
            "created_at": "2024-04-02T07:23:51Z",
            "entry_id": 90,
            "field1": "36",
            "field2": "24"
        }
    ]
}