{
    "channel": {
        "id": 2473561,
        "name": "WeMos LAB3",
        "description": "Temperature/Humidity from DHT11",
        "latitude": "0.0",
        "longitude": "0.0",
        "field1": "Temperature",
        "field2": "Humidity",
        "created_at": "2024-03-17T03:33:09Z",
        "updated_at": "2024-03-17T03:33:34Z",
        "last_entry_id": 150
    },
    "feeds": [
        {
            "created_at": "2024-03-17T04:57:22Z",
            "entry_id": 150,
            "field1": "23.40",
            "field2": "48.00"
        }
    ]
}