{
    "channel": {
        "id": 2491513,
        "name": "mqttThingsIoT",
        "description": "Channel in ThingSpeak for IoT assignment",
        "latitude": "0.0",
        "longitude": "0.0",
        "field1": "Temperature",
        "field2": "Humidity",
        "created_at": "2024-03-31T05:49:50Z",
        "updated_at": "2024-03-31T05:59:22Z",
        "last_entry_id": 26
    },
    "feeds": [
        {
            "created_at": "2024-04-03T13:17:40Z",
            "entry_id": 26,
            "field1": "33.0",
            "field2": "31.0"
        }
    ]
}