{
    "channel": {
        "id": 2492129,
        "name": "IOT Test(2)",
        "latitude": "0.0",
        "longitude": "0.0",
        "field1": "Temperature",
        "field2": "Humidity",
        "created_at": "2024-04-01T03:51:46Z",
        "updated_at": "2024-04-16T06:44:38Z",
        "last_entry_id": 49
    },
    "feeds": [
        {
            "created_at": "2024-04-16T07:02:26Z",
            "entry_id": 49,
            "field1": "36.80000",
            "field2": "63.00000"
        }
    ]
}