{
    "channel": {
        "id": 2494880,
        "name": "Sinus sinusitis monitoring ",
        "latitude": "0.0",
        "longitude": "0.0",
        "field1": "Temperature",
        "field2": "Humidity",
        "created_at": "2024-04-02T14:46:30Z",
        "updated_at": "2024-04-02T14:46:46Z",
        "last_entry_id": 144
    },
    "feeds": [
        {
            "created_at": "2024-06-13T09:39:07Z",
            "entry_id": 144,
            "field1": "31",
            "field2": "47"
        }
    ]
}