{
    "channel": {
        "id": 2494156,
        "name": "Temp and Humidity",
        "latitude": "0.0",
        "longitude": "0.0",
        "field1": "Temperature",
        "field2": "Humidity",
        "field3": "humidity",
        "created_at": "2024-04-02T07:55:29Z",
        "updated_at": "2024-04-03T07:45:43Z",
        "last_entry_id": 113450
    },
    "feeds": [
        {
            "created_at": "2024-05-16T12:52:41Z",
            "entry_id": 113450,
            "field1": "31.60",
            "field2": "99.00",
            "field3": null
        }
    ]
}