{
    "channel": {
        "id": 2496347,
        "name": "DSB WIFI CLOUD 147/2496347",
        "description": "Nextcon LTDA",
        "latitude": "0.0",
        "longitude": "0.0",
        "field1": "Temperatura",
        "field2": "Temperatura Min",
        "field3": "Temperatura Max",
        "created_at": "2024-04-03T19:33:51Z",
        "updated_at": "2024-04-03T19:33:58Z",
        "last_entry_id": 19737
    },
    "feeds": [
        {
            "created_at": "2024-06-29T21:48:47Z",
            "entry_id": 19737,
            "field1": "3.6",
            "field2": "3.1",
            "field3": "6.2"
        }
    ]
}