{
    "channel": {
        "id": 2521390,
        "name": "SMART AGRICULTURE",
        "latitude": "0.0",
        "longitude": "0.0",
        "field1": "Temperature",
        "field2": "Humidity",
        "created_at": "2024-04-24T10:54:25Z",
        "updated_at": "2024-04-24T11:09:53Z",
        "last_entry_id": 183
    },
    "feeds": [
        {
            "created_at": "2024-05-07T04:17:31Z",
            "entry_id": 183,
            "field1": null,
            "field2": "69"
        }
    ]
}