{
    "channel": {
        "id": 2530373,
        "name": "21524056_PSE_ESP32 dan Thinkspeak",
        "description": "Sistem monitoring dengan menggunakan ESP32 dan dihubungkan dengan ThingSpeak. Apabila kondisi suhu > 50 maka, indikator/trigger akan menyalakan led.",
        "latitude": "0.0",
        "longitude": "0.0",
        "field1": "Temperature",
        "field2": "Humidity",
        "created_at": "2024-04-30T14:10:47Z",
        "updated_at": "2024-04-30T14:16:22Z",
        "last_entry_id": 37
    },
    "feeds": [
        {
            "created_at": "2024-05-01T12:58:11Z",
            "entry_id": 37,
            "field1": "24.00000",
            "field2": "40.00000"
        }
    ]
}