{
    "channel": {
        "id": 2546280,
        "name": "IOT simulation",
        "description": "tempreture and humidaty",
        "latitude": "0.0",
        "longitude": "0.0",
        "field1": "Temp",
        "field2": "Humidity",
        "created_at": "2024-05-13T11:51:32Z",
        "updated_at": "2024-05-13T21:37:53Z",
        "last_entry_id": 7
    },
    "feeds": [
        {
            "created_at": "2024-05-13T21:27:10Z",
            "entry_id": 7,
            "field1": "36.80000",
            "field2": "21.50000"
        }
    ]
}