{
    "channel": {
        "id": 2551769,
        "name": "Uploading sensor readings to Cloud",
        "description": "send the temperature & humidity values (in 2  separate lists) to your Thingspeak channel, once every 20 seconds.",
        "latitude": "0.0",
        "longitude": "0.0",
        "field1": "Temperature",
        "field2": "Humidity",
        "created_at": "2024-05-17T02:22:54Z",
        "updated_at": "2024-05-17T02:48:56Z",
        "last_entry_id": 10
    },
    "feeds": [
        {
            "created_at": "2024-05-17T02:31:23Z",
            "entry_id": 10,
            "field1": "26",
            "field2": "65"
        }
    ]
}