{
    "channel": {
        "id": 2552016,
        "name": "DHT11",
        "description": "Temperature & Humidity",
        "latitude": "0.0",
        "longitude": "0.0",
        "field1": "Temperature",
        "field2": "Humidity",
        "created_at": "2024-05-17T06:30:32Z",
        "updated_at": "2024-05-17T08:13:52Z",
        "last_entry_id": 59
    },
    "feeds": [
        {
            "created_at": "2024-05-17T08:23:35Z",
            "entry_id": 59,
            "field1": "28.70000",
            "field2": null
        }
    ]
}