{
    "channel": {
        "id": 2552923,
        "name": "UNH_DTH22",
        "description": "Recepci\u00f3n del sensor DHT22",
        "latitude": "-12.0834123846",
        "longitude": "-76.9966554637",
        "field1": "Temperatura",
        "field2": "Humedad",
        "created_at": "2024-05-18T02:37:29Z",
        "updated_at": "2024-05-18T02:38:20Z",
        "last_entry_id": 7
    },
    "feeds": [
        {
            "created_at": "2024-05-22T01:12:39Z",
            "entry_id": 7,
            "field1": "56.40000",
            "field2": "75.00000"
        }
    ]
}