{
    "channel": {
        "id": 2556716,
        "name": "Progetto",
        "latitude": "0.0",
        "longitude": "0.0",
        "field1": "Temperature",
        "field2": "Humidity",
        "created_at": "2024-05-21T12:25:32Z",
        "updated_at": "2024-06-02T09:47:28Z",
        "last_entry_id": 24
    },
    "feeds": [
        {
            "created_at": "2024-06-04T07:09:59Z",
            "entry_id": 24,
            "field1": "19.390000000000043",
            "field2": "72"
        }
    ]
}