{
    "channel": {
        "id": 2560583,
        "name": "Deployment I",
        "latitude": "0.0",
        "longitude": "0.0",
        "field1": "Temperature",
        "field2": "Humidity",
        "created_at": "2024-05-25T05:07:09Z",
        "updated_at": "2024-06-11T21:01:09Z",
        "last_entry_id": 6241
    },
    "feeds": [
        {
            "created_at": "2024-05-26T12:52:04Z",
            "entry_id": 6241,
            "field1": "25.80",
            "field2": "98.00    "
        }
    ]
}