{
    "channel": {
        "id": 2562584,
        "name": "estacion meteorologica",
        "latitude": "0.0",
        "longitude": "0.0",
        "field1": "Temperatura",
        "field2": "Humedad",
        "created_at": "2024-05-27T18:24:08Z",
        "updated_at": "2024-05-27T18:26:37Z",
        "last_entry_id": 9
    },
    "feeds": [
        {
            "created_at": "2024-05-27T18:51:21Z",
            "entry_id": 9,
            "field1": "54.9",
            "field2": "50.0"
        }
    ]
}