{
    "channel": {
        "id": 2563551,
        "name": "ROOM MONITORING",
        "description": "this is to monitor the room ",
        "latitude": "0.0",
        "longitude": "0.0",
        "field1": "temperature",
        "field2": "humidity",
        "created_at": "2024-05-28T15:29:59Z",
        "updated_at": "2024-05-31T15:57:09Z",
        "last_entry_id": 333
    },
    "feeds": [
        {
            "created_at": "2024-06-04T10:43:51Z",
            "entry_id": 333,
            "field1": "29.80",
            "field2": "87.00"
        }
    ]
}