{
    "channel": {
        "id": 2578433,
        "name": "DHT_TASK_15",
        "description": "temp and humidity of TASK LAB",
        "latitude": "0.0",
        "longitude": "0.0",
        "field1": "Temp",
        "field2": "Humidity",
        "created_at": "2024-06-15T09:26:30Z",
        "updated_at": "2024-06-15T09:28:42Z",
        "last_entry_id": 72
    },
    "feeds": [
        {
            "created_at": "2024-06-15T10:04:03Z",
            "entry_id": 72,
            "field1": "27.9833984375",
            "field2": "0.0"
        }
    ]
}