{
    "channel": {
        "id": 2580903,
        "name": "AHT WIFI CLOUD 190/2580903",
        "description": "Nextcon LTDA",
        "latitude": "0.0",
        "longitude": "0.0",
        "field1": "Temperatura",
        "field2": "Umidade",
        "field3": "Temperatura Min",
        "field4": "Temperatura Max",
        "created_at": "2024-06-20T01:28:19Z",
        "updated_at": "2024-06-20T01:28:38Z",
        "last_entry_id": 136
    },
    "feeds": [
        {
            "created_at": "2024-06-25T19:02:29Z",
            "entry_id": 136,
            "field1": "28.2",
            "field2": "39",
            "field3": "23.9",
            "field4": "30.9"
        }
    ]
}