{
    "channel": {
        "id": 2580888,
        "name": "AHT WIFI CLOUD 189/2580888",
        "description": "Nextcon LTDA",
        "latitude": "0.0",
        "longitude": "0.0",
        "field1": "Temperatura",
        "field2": "Umidade",
        "field3": "Temperatura Min",
        "field4": "Temperatura Max",
        "created_at": "2024-06-20T00:58:15Z",
        "updated_at": "2024-06-20T00:58:22Z",
        "last_entry_id": 140
    },
    "feeds": [
        {
            "created_at": "2024-07-15T20:24:24Z",
            "entry_id": 140,
            "field1": "49.3",
            "field2": "61",
            "field3": "24.9",
            "field4": "49.3"
        }
    ]
}