{
    "channel": {
        "id": 2582773,
        "name": "VAISHNAVI",
        "description": "TEMPERATURE HUMIDITY MEASUREMENT",
        "latitude": "0.0",
        "longitude": "0.0",
        "field1": "TEMPERATURE",
        "field2": "HUMIDITY",
        "created_at": "2024-06-22T07:43:31Z",
        "updated_at": "2024-06-22T07:43:44Z",
        "last_entry_id": 18
    },
    "feeds": [
        {
            "created_at": "2024-06-22T07:52:17Z",
            "entry_id": 18,
            "field1": "30.40000",
            "field2": "75.00000"
        }
    ]
}