{
    "channel": {
        "id": 2583587,
        "name": "Projek DHT22",
        "latitude": "0.0",
        "longitude": "0.0",
        "field1": "Humidity",
        "field2": "Temperatur",
        "created_at": "2024-06-24T03:45:16Z",
        "updated_at": "2024-06-24T03:46:06Z",
        "last_entry_id": 399
    },
    "feeds": [
        {
            "created_at": "2024-07-05T06:08:24Z",
            "entry_id": 399,
            "field1": "71.20",
            "field2": "33.00"
        }
    ]
}