{
    "channel": {
        "id": 2590563,
        "name": "Iot Weather Station",
        "latitude": "0.0",
        "longitude": "0.0",
        "field1": "Temperature",
        "field2": "Humidity",
        "created_at": "2024-07-03T10:37:09Z",
        "updated_at": "2024-07-03T10:42:32Z",
        "last_entry_id": 29
    },
    "feeds": [
        {
            "created_at": "2024-07-04T05:27:55Z",
            "entry_id": 29,
            "field1": "24.60000",
            "field2": null
        }
    ]
}