{
    "channel": {
        "id": 2599559,
        "name": "DSB WIFI CLOUD 217/2599559",
        "description": "Nextcon LTDA",
        "latitude": "0.0",
        "longitude": "0.0",
        "field1": "Temperatura",
        "field2": "Temperatura Min",
        "field3": "Temperatura Max",
        "created_at": "2024-07-15T22:19:29Z",
        "updated_at": "2024-07-15T22:19:56Z",
        "last_entry_id": 5
    },
    "feeds": [
        {
            "created_at": "2024-07-19T13:08:00Z",
            "entry_id": 5,
            "field1": "22.8",
            "field2": "22.2",
            "field3": "23.1"
        }
    ]
}