{
    "channel": {
        "id": 284960,
        "name": "IOT PROJECT",
        "description": "TEMPERATURE AND HUMIDITY DETAILS ARE SHOWN HERE",
        "latitude": "0.0",
        "longitude": "0.0",
        "field1": "humidity",
        "field2": "Temperature",
        "created_at": "2017-06-09T00:20:32Z",
        "updated_at": "2017-06-11T15:43:47Z",
        "last_entry_id": 161
    },
    "feeds": [
        {
            "created_at": "2017-06-11T15:43:47Z",
            "entry_id": 161,
            "field1": "59",
            "field2": "31"
        }
    ]
}