{
    "channel": {
        "id": 289217,
        "name": "SDM",
        "description": "Sensor data monitoring",
        "latitude": "0.0",
        "longitude": "0.0",
        "field1": "Temperature",
        "field2": "Humidity",
        "created_at": "2017-06-18T07:01:37Z",
        "updated_at": "2017-07-29T12:01:37Z",
        "last_entry_id": 128
    },
    "feeds": [
        {
            "created_at": "2017-07-29T12:01:37Z",
            "entry_id": 128,
            "field1": "84.20000",
            "field2": "59.00000"
        }
    ]
}