{
    "channel": {
        "id": 289304,
        "name": "MOSMPS Weather",
        "description": "Show the updated weather of MOSMPS",
        "latitude": "0.0",
        "longitude": "0.0",
        "field1": "Temperature",
        "field2": "Humidity",
        "created_at": "2017-06-18T12:00:49Z",
        "updated_at": "2017-06-20T10:36:14Z",
        "last_entry_id": 79
    },
    "feeds": [
        {
            "created_at": "2017-06-20T10:36:14Z",
            "entry_id": 79,
            "field1": "25",
            "field2": "73"
        }
    ]
}