{
    "channel": {
        "id": 290276,
        "name": "Beute1",
        "description": "Garten; linke Seite",
        "latitude": "0.0",
        "longitude": "0.0",
        "field1": "Temperatur",
        "field2": "Luftfeuchtigkeit",
        "created_at": "2017-06-20T13:32:42Z",
        "updated_at": "2017-11-22T08:35:03Z",
        "last_entry_id": 38619
    },
    "feeds": [
        {
            "created_at": "2017-11-22T08:35:03Z",
            "entry_id": 38619,
            "field1": "21.1",
            "field2": "48.6"
        }
    ]
}