{
    "channel": {
        "id": 295983,
        "name": "Server\u00fcberwachung Ortenleite 21",
        "description": "\u00dcberwachung Serverraum (Hauswirtschaftsraums) mit DHT 22 Sensor an Rasperry Pi, der auch als openvpn gateway dient",
        "latitude": "0.0",
        "longitude": "0.0",
        "field1": "Temperatur",
        "field2": "Luftfeuchtigkeit",
        "created_at": "2017-07-01T15:30:00Z",
        "updated_at": "2019-07-10T07:32:52Z",
        "last_entry_id": 290768
    },
    "feeds": [
        {
            "created_at": "2020-04-11T07:55:10Z",
            "entry_id": 290768,
            "field1": "24.40",
            "field2": "37.70"
        }
    ]
}