{
    "channel": {
        "id": 297993,
        "name": "Solar Weather Station with BME280",
        "description": "Solar powered Temperature Humidity Pressure Sensor ",
        "latitude": "0.0",
        "longitude": "0.0",
        "field1": "Temperature",
        "field2": "Humidity",
        "field3": "Pressure",
        "field4": "Voltage",
        "created_at": "2017-07-05T11:19:17Z",
        "updated_at": "2018-09-11T20:45:06Z",
        "last_entry_id": 137387
    },
    "feeds": [
        {
            "created_at": "2019-12-08T21:15:16Z",
            "entry_id": 137387,
            "field1": "9.63",
            "field2": "100.00",
            "field3": "1016.08",
            "field4": "3.37"
        }
    ]
}