{
    "channel": {
        "id": 299149,
        "name": "Test",
        "latitude": "0.0",
        "longitude": "0.0",
        "field1": "temp",
        "field2": "hum",
        "field3": "co2",
        "created_at": "2017-07-07T12:15:12Z",
        "updated_at": "2018-01-08T06:54:03Z",
        "last_entry_id": 5699
    },
    "feeds": [
        {
            "created_at": "2019-04-18T18:34:51Z",
            "entry_id": 5699,
            "field1": "22.60",
            "field2": "35.70",
            "field3": "4663"
        }
    ]
}