{
    "channel": {
        "id": 300170,
        "name": "Prueba ",
        "description": "SFNEDSAFVRCGSDVFAGDVAGGDVSADWQDA SPREVA DWNJSCDSFQNX HBQWDBADVE GWQBDSBQWYDBduq",
        "latitude": "0.0",
        "longitude": "0.0",
        "field1": "Temperatura",
        "field2": "Humedad",
        "created_at": "2017-07-10T00:45:32Z",
        "updated_at": "2017-07-14T00:02:23Z",
        "last_entry_id": 32
    },
    "feeds": [
        {
            "created_at": "2017-07-14T00:02:23Z",
            "entry_id": 32,
            "field1": "20.000",
            "field2": "50.000"
        }
    ]
}