{
    "channel": {
        "id": 303033,
        "name": "Temperature and Humidity Monitoring",
        "latitude": "0.0",
        "longitude": "0.0",
        "field1": "temp",
        "field2": "hum",
        "created_at": "2017-07-15T08:43:55Z",
        "updated_at": "2017-07-21T05:03:17Z",
        "last_entry_id": 533
    },
    "feeds": [
        {
            "created_at": "2017-07-21T05:03:17Z",
            "entry_id": 533,
            "field1": "27.0",
            "field2": "62.0"
        }
    ]
}