{
    "channel": {
        "id": 321401,
        "name": "ioT Short Course",
        "description": "My first ioT Project  ",
        "latitude": "0.0",
        "longitude": "0.0",
        "field1": "Humidity",
        "field2": "Temperature",
        "created_at": "2017-08-24T03:34:07Z",
        "updated_at": "2017-08-24T08:31:47Z",
        "last_entry_id": 583
    },
    "feeds": [
        {
            "created_at": "2017-08-24T08:31:47Z",
            "entry_id": 583,
            "field1": "2147483647",
            "field2": "2147483647"
        }
    ]
}