{
    "channel": {
        "id": 335209,
        "name": "humidity and temperature",
        "latitude": "0.0",
        "longitude": "0.0",
        "field1": "humidity",
        "field2": "temperature",
        "created_at": "2017-09-22T05:25:50Z",
        "updated_at": "2017-09-22T05:34:03Z",
        "last_entry_id": 2
    },
    "feeds": [
        {
            "created_at": "2017-09-22T05:34:03Z",
            "entry_id": 2,
            "field1": "23",
            "field2": "34"
        }
    ]
}