{
    "channel": {
        "id": 336111,
        "name": "Prueba",
        "latitude": "0.0",
        "longitude": "0.0",
        "field1": "Temperature",
        "field2": "Humidity",
        "created_at": "2017-09-23T18:30:22Z",
        "updated_at": "2017-09-24T21:00:36Z",
        "last_entry_id": 1942
    },
    "feeds": [
        {
            "created_at": "2017-09-24T21:00:36Z",
            "entry_id": 1942,
            "field1": "23.90000",
            "field2": "72.10000"
        }
    ]
}