{
    "channel": {
        "id": 336404,
        "name": "ParticleOfis",
        "latitude": "0.0",
        "longitude": "0.0",
        "field1": "temperature",
        "field2": "humidity",
        "created_at": "2017-09-24T10:23:56Z",
        "updated_at": "2017-10-08T01:19:58Z",
        "last_entry_id": 50618
    },
    "feeds": [
        {
            "created_at": "2017-10-08T01:19:58Z",
            "entry_id": 50618,
            "field1": "27.50",
            "field2": "56.90"
        }
    ]
}