{
    "channel": {
        "id": 336849,
        "name": "dinesh",
        "description": "temp and humidity",
        "latitude": "0.0",
        "longitude": "0.0",
        "field1": "temperature",
        "field2": "humidity",
        "created_at": "2017-09-25T11:06:58Z",
        "updated_at": "2018-01-09T12:53:31Z",
        "last_entry_id": 280
    },
    "feeds": [
        {
            "created_at": "2018-01-09T12:53:31Z",
            "entry_id": 280,
            "field1": null,
            "field2": "18"
        }
    ]
}