{
    "channel": {
        "id": 375528,
        "name": "OrangePI Lite BMP180",
        "description": "OrangePI Lite BMP180 IoT",
        "latitude": "0.0",
        "longitude": "0.0",
        "field1": "Temperature",
        "field2": "Pressure",
        "created_at": "2017-11-29T10:54:06Z",
        "updated_at": "2018-09-16T06:55:25Z",
        "last_entry_id": 365813
    },
    "feeds": [
        {
            "created_at": "2020-03-18T23:15:12Z",
            "entry_id": 365813,
            "field1": "22.4 ",
            "field2": "987.33 "
        }
    ]
}