{
    "channel": {
        "id": 37720,
        "name": "Server rack",
        "latitude": "0.0",
        "longitude": "0.0",
        "field1": "Temperature",
        "field2": "Humidity",
        "created_at": "2015-05-13T23:03:34Z",
        "updated_at": "2015-07-24T08:27:33Z",
        "last_entry_id": 197512
    },
    "feeds": [
        {
            "created_at": "2015-07-24T08:27:33Z",
            "entry_id": 197512,
            "field1": "29.0",
            "field2": "32.0"
        }
    ]
}