{
    "channel": {
        "id": 378731,
        "name": "GreenHouse channel",
        "description": "Dht22 channel communication",
        "latitude": "0.0",
        "longitude": "0.0",
        "field1": "Temperature",
        "field2": "Humidity",
        "created_at": "2017-12-05T03:22:31Z",
        "updated_at": "2017-12-14T22:25:48Z",
        "last_entry_id": 189
    },
    "feeds": [
        {
            "created_at": "2017-12-14T22:25:48Z",
            "entry_id": 189,
            "field1": "25.40000",
            "field2": "22.20000"
        }
    ]
}