{
    "channel": {
        "id": 380400,
        "name": "Prueba Sensores JUN",
        "latitude": "0.0",
        "longitude": "0.0",
        "field1": "Temperatura",
        "field2": "Humedad",
        "created_at": "2017-12-07T22:05:17Z",
        "updated_at": "2017-12-07T22:47:38Z",
        "last_entry_id": 35
    },
    "feeds": [
        {
            "created_at": "2017-12-07T22:47:38Z",
            "entry_id": 35,
            "field1": "22.00",
            "field2": "12.00"
        }
    ]
}