{
    "channel": {
        "id": 400194,
        "name": "Weather Station: Monitoring Humidity, Temperature",
        "latitude": "0.0",
        "longitude": "0.0",
        "field1": "Humidity",
        "field2": "Temperature",
        "created_at": "2018-01-09T17:38:27Z",
        "updated_at": "2018-04-23T11:19:35Z",
        "last_entry_id": 460
    },
    "feeds": [
        {
            "created_at": "2019-03-04T03:18:18Z",
            "entry_id": 460,
            "field1": "73",
            "field2": "28"
        }
    ]
}