{
    "channel": {
        "id": 400269,
        "name": "Room Climate Sensor I",
        "latitude": "0.0",
        "longitude": "0.0",
        "field1": "Temperature",
        "field2": "Humidity",
        "created_at": "2018-01-09T21:09:29Z",
        "updated_at": "2018-03-28T12:50:38Z",
        "last_entry_id": 312956
    },
    "feeds": [
        {
            "created_at": "2018-03-28T12:50:38Z",
            "entry_id": 312956,
            "field1": "22.10000",
            "field2": "50.30000"
        }
    ]
}