{
    "channel": {
        "id": 407431,
        "name": "weather monitoring system ",
        "latitude": "0.0",
        "longitude": "0.0",
        "field1": "temperature",
        "field2": "humidity",
        "created_at": "2018-01-21T09:49:35Z",
        "updated_at": "2018-01-21T11:31:55Z",
        "last_entry_id": 28
    },
    "feeds": [
        {
            "created_at": "2018-01-21T11:31:55Z",
            "entry_id": 28,
            "field1": "21.00",
            "field2": "57.00"
        }
    ]
}