{
    "channel": {
        "id": 424653,
        "name": "Sensor DTH11",
        "description": "Sensor que lee la temperatura y la humedad",
        "latitude": "0.0",
        "longitude": "0.0",
        "field1": "Temperatura",
        "field2": "Humedad",
        "created_at": "2018-02-10T21:48:02Z",
        "updated_at": "2018-02-10T23:16:35Z",
        "last_entry_id": 242
    },
    "feeds": [
        {
            "created_at": "2018-02-10T23:16:35Z",
            "entry_id": 242,
            "field1": "28",
            "field2": "59"
        }
    ]
}