{
    "channel": {
        "id": 430915,
        "name": "DHT22",
        "description": "Collect Temperature and Humidity Data from Ticvic Networks Office.",
        "latitude": "0.0",
        "longitude": "0.0",
        "field1": "Temperature",
        "field2": "Humidity",
        "created_at": "2018-02-20T06:47:16Z",
        "updated_at": "2018-02-23T02:37:00Z",
        "last_entry_id": 1060
    },
    "feeds": [
        {
            "created_at": "2018-02-23T02:37:00Z",
            "entry_id": 1060,
            "field1": "25.10",
            "field2": "33.70    "
        }
    ]
}