{
    "channel": {
        "id": 431257,
        "name": "Estacao Meteo",
        "latitude": "0.0",
        "longitude": "0.0",
        "field1": "Temperature",
        "field2": "Humidity",
        "field3": "Pressure",
        "created_at": "2018-02-20T14:59:20Z",
        "updated_at": "2018-08-27T11:04:47Z",
        "last_entry_id": 263580
    },
    "feeds": [
        {
            "created_at": "2024-07-20T19:27:55Z",
            "entry_id": 263580,
            "field1": "28.60",
            "field2": "100.00",
            "field3": "1013.14"
        }
    ]
}