{
    "channel": {
        "id": 445679,
        "name": "Apartment Data",
        "description": "Apartment temp & humidity & Pressure in Saint John, NB--eventually to be built & placed outside.  Updated every 30min",
        "latitude": "45.298385",
        "longitude": "-66.089182",
        "field1": "Temperature",
        "field2": "Humidity",
        "field3": "Pressure",
        "created_at": "2018-03-10T17:15:21Z",
        "updated_at": "2018-09-15T12:00:18Z",
        "elevation": "25m",
        "last_entry_id": 30203
    },
    "feeds": [
        {
            "created_at": "2019-02-05T16:16:35Z",
            "entry_id": 30203,
            "field1": "21.20",
            "field2": "49.30",
            "field3": "100.56    "
        }
    ]
}