{
    "channel": {
        "id": 446034,
        "name": "Aamer Khan",
        "description": "Learning",
        "latitude": "0.0",
        "longitude": "0.0",
        "field1": "Gas",
        "field2": "Temperature",
        "created_at": "2018-03-11T05:26:30Z",
        "updated_at": "2018-03-11T08:15:24Z",
        "last_entry_id": 12
    },
    "feeds": [
        {
            "created_at": "2018-03-11T08:15:25Z",
            "entry_id": 12,
            "field1": "16.000",
            "field2": "45.000"
        }
    ]
}