{
    "channel": {
        "id": 449953,
        "name": "SUIIT",
        "description": "Innovation club event",
        "latitude": "21.468",
        "longitude": "83.975",
        "field1": "Temperature",
        "field2": "Humidity",
        "created_at": "2018-03-15T07:03:16Z",
        "updated_at": "2018-03-15T07:37:35Z",
        "last_entry_id": 26
    },
    "feeds": [
        {
            "created_at": "2018-03-15T07:37:36Z",
            "entry_id": 26,
            "field1": "255.00000",
            "field2": "255.00000"
        }
    ]
}