{
    "channel": {
        "id": 470170,
        "name": "Arsalan1",
        "description": "Arsalan",
        "latitude": "0.0",
        "longitude": "0.0",
        "field1": "temp",
        "field2": "humidity",
        "created_at": "2018-04-09T07:35:01Z",
        "updated_at": "2018-04-16T09:26:56Z",
        "last_entry_id": 6
    },
    "feeds": [
        {
            "created_at": "2018-04-16T09:26:57Z",
            "entry_id": 6,
            "field1": "6",
            "field2": null
        }
    ]
}