{
    "channel": {
        "id": 478937,
        "name": "Temperature&Humidity_Pataya",
        "latitude": "0.0",
        "longitude": "0.0",
        "field1": "temp",
        "field2": "hum",
        "created_at": "2018-04-19T09:12:26Z",
        "updated_at": "2018-04-19T09:50:54Z",
        "last_entry_id": 71
    },
    "feeds": [
        {
            "created_at": "2018-04-19T09:50:54Z",
            "entry_id": 71,
            "field1": "23.10",
            "field2": "49.90"
        }
    ]
}