{
    "channel": {
        "id": 481173,
        "name": "LA14",
        "description": "000DB531137F353F",
        "latitude": "0.0",
        "longitude": "0.0",
        "field1": "Humidity",
        "field2": "Temperature",
        "field3": "PM2.5",
        "field4": "PM10",
        "created_at": "2018-04-23T04:07:57Z",
        "updated_at": "2018-08-06T17:57:14Z",
        "last_entry_id": 42628
    },
    "feeds": [
        {
            "created_at": "2020-12-02T18:48:34Z",
            "entry_id": 42628,
            "field1": "74.0",
            "field2": "19.0",
            "field3": "7.0",
            "field4": "7.0"
        }
    ]
}