{
    "channel": {
        "id": 481241,
        "name": "Arduino Iot Test 3",
        "description": "Test 3",
        "latitude": "0.0",
        "longitude": "0.0",
        "field1": "Temperature",
        "field2": "Humidity",
        "created_at": "2018-04-23T05:49:56Z",
        "updated_at": "2018-04-24T06:59:59Z",
        "last_entry_id": 257
    },
    "feeds": [
        {
            "created_at": "2018-04-24T06:59:59Z",
            "entry_id": 257,
            "field1": "26.00",
            "field2": "45.00"
        }
    ]
}