{
    "channel": {
        "id": 483713,
        "name": "Tugas Mikroprosesor 2",
        "description": "try connect esp8266 with thingspeak",
        "latitude": "0.0",
        "longitude": "0.0",
        "field1": "Temperature",
        "created_at": "2018-04-26T11:13:07Z",
        "updated_at": "2018-05-03T03:31:37Z",
        "last_entry_id": 190
    },
    "feeds": [
        {
            "created_at": "2018-05-03T03:31:37Z",
            "entry_id": 190,
            "field1": "36"
        }
    ]
}