{
    "channel": {
        "id": 484717,
        "name": "Humidity and Temperature monitoring by roshani",
        "description": "Humidity and Temperature measurement using Arduino, DHT22 and ESP8266 ",
        "latitude": "0.0",
        "longitude": "0.0",
        "field1": "Humidity",
        "field2": "Temperature",
        "created_at": "2018-04-28T07:02:52Z",
        "updated_at": "2018-05-27T08:01:22Z",
        "last_entry_id": 104
    },
    "feeds": [
        {
            "created_at": "2018-05-27T08:01:23Z",
            "entry_id": 104,
            "field1": "31.000",
            "field2": "25.000"
        }
    ]
}