{
    "channel": {
        "id": 511042,
        "name": "DHT11 Sensor",
        "description": "\uc628\ub3c4 \uc2b5\ub3c4 \uc218\uc9d1",
        "latitude": "0.0",
        "longitude": "0.0",
        "field1": "temp",
        "field2": "Humidity",
        "created_at": "2018-06-05T04:49:13Z",
        "updated_at": "2018-06-05T06:15:36Z",
        "last_entry_id": 188
    },
    "feeds": [
        {
            "created_at": "2018-06-05T06:15:37Z",
            "entry_id": 188,
            "field1": "3",
            "field2": "3"
        }
    ]
}