{
    "channel": {
        "id": 518625,
        "name": "Weather monitoring ",
        "description": "To monitor temperature and humidity ",
        "latitude": "0.0",
        "longitude": "0.0",
        "field1": "Temperature",
        "field2": "Humidity",
        "created_at": "2018-06-14T06:07:22Z",
        "updated_at": "2018-07-11T11:52:38Z",
        "last_entry_id": 19
    },
    "feeds": [
        {
            "created_at": "2018-07-11T11:52:38Z",
            "entry_id": 19,
            "field1": "32.26",
            "field2": null
        }
    ]
}