{
    "channel": {
        "id": 525550,
        "name": "temperature",
        "description": "tmp and hum",
        "latitude": "0.0",
        "longitude": "0.0",
        "field1": "Temperature",
        "field2": "Humidity",
        "created_at": "2018-06-24T18:36:43Z",
        "updated_at": "2018-07-30T23:21:46Z",
        "last_entry_id": 63596
    },
    "feeds": [
        {
            "created_at": "2018-07-30T23:21:46Z",
            "entry_id": 63596,
            "field1": "16.56    ",
            "field2": null
        }
    ]
}