{
    "channel": {
        "id": 535458,
        "name": "Iot application using NodeMCU",
        "latitude": "0.0",
        "longitude": "0.0",
        "field1": "temp",
        "field2": "humidity",
        "created_at": "2018-07-09T14:57:52Z",
        "updated_at": "2018-07-09T16:07:08Z",
        "last_entry_id": 144
    },
    "feeds": [
        {
            "created_at": "2018-07-09T16:07:09Z",
            "entry_id": 144,
            "field1": "29.00",
            "field2": "84.00    "
        }
    ]
}