{
    "channel": {
        "id": 546615,
        "name": "DHT data",
        "description": "test",
        "latitude": "0.0",
        "longitude": "0.0",
        "field1": "humidity",
        "field2": "temperature",
        "created_at": "2018-07-25T03:31:34Z",
        "updated_at": "2018-07-27T08:10:35Z",
        "last_entry_id": 167
    },
    "feeds": [
        {
            "created_at": "2018-07-27T08:10:35Z",
            "entry_id": 167,
            "field1": "52.00",
            "field2": "26.00"
        }
    ]
}