{
    "channel": {
        "id": 547639,
        "name": "Temperature Monitoring",
        "description": "Reading Temp and Humidity Values of Containers",
        "latitude": "0.0",
        "longitude": "0.0",
        "field1": "temperature",
        "field2": "humidity",
        "created_at": "2018-07-26T09:37:52Z",
        "updated_at": "2019-04-23T13:04:08Z",
        "last_entry_id": 136
    },
    "feeds": [
        {
            "created_at": "2019-04-23T18:06:42Z",
            "entry_id": 136,
            "field1": "28.0",
            "field2": "35.0"
        }
    ]
}