{
    "channel": {
        "id": 556195,
        "name": "Temperatura",
        "description": "monitoreo de sensores por medio de arduino",
        "latitude": "0.0",
        "longitude": "0.0",
        "field1": "temperatura",
        "created_at": "2018-08-08T06:39:42Z",
        "updated_at": "2018-08-20T21:03:53Z",
        "last_entry_id": 1878
    },
    "feeds": [
        {
            "created_at": "2018-08-20T21:03:53Z",
            "entry_id": 1878,
            "field1": "39"
        }
    ]
}