{
    "channel": {
        "id": 562054,
        "name": "temperature and humidity",
        "latitude": "0.0",
        "longitude": "0.0",
        "field1": "temperature",
        "field2": "humidity",
        "created_at": "2018-08-21T11:36:12Z",
        "updated_at": "2018-08-21T11:39:32Z",
        "last_entry_id": 8
    },
    "feeds": [
        {
            "created_at": "2018-08-21T11:39:32Z",
            "entry_id": 8,
            "field1": "27",
            "field2": "58"
        }
    ]
}