{
    "channel": {
        "id": 562126,
        "name": "Swallow's Weather Station",
        "description": "Graphs of data collected from Sense HAT",
        "latitude": "0.0",
        "longitude": "0.0",
        "field1": "temperature",
        "field2": "pressure",
        "field3": "humidity",
        "created_at": "2018-08-21T15:41:52Z",
        "updated_at": "2018-08-24T11:09:34Z",
        "last_entry_id": 25
    },
    "feeds": [
        {
            "created_at": "2018-08-24T14:49:21Z",
            "entry_id": 25,
            "field1": "34.3",
            "field2": "1013.3",
            "field3": "34.4"
        }
    ]
}