{
    "channel": {
        "id": 563193,
        "name": "3rd year demo",
        "description": "temperature measure & humidirty",
        "latitude": "0.0",
        "longitude": "0.0",
        "field1": "temp",
        "field2": "humidity",
        "created_at": "2018-08-24T06:49:26Z",
        "updated_at": "2018-08-24T09:07:43Z",
        "last_entry_id": 114
    },
    "feeds": [
        {
            "created_at": "2018-08-24T09:07:43Z",
            "entry_id": 114,
            "field1": "16.0",
            "field2": "30.0"
        }
    ]
}