{
    "channel": {
        "id": 570361,
        "name": "Pavo Patos",
        "latitude": "0.0",
        "longitude": "0.0",
        "field1": "Temperatura",
        "field2": "Humedad",
        "field3": "CO2",
        "created_at": "2018-09-06T07:53:42Z",
        "updated_at": "2018-09-06T07:53:42Z",
        "last_entry_id": 903
    },
    "feeds": [
        {
            "created_at": "2018-10-14T15:30:26Z",
            "entry_id": 903,
            "field1": "27.50",
            "field2": "54.40    ",
            "field3": null
        }
    ]
}