{
    "channel": {
        "id": 575877,
        "name": "Werkstatt | ID: 11",
        "description": "EG",
        "latitude": "0.0",
        "longitude": "0.0",
        "field1": "Temperatur",
        "field2": "Luftfeuchtigkeit",
        "created_at": "2018-09-15T14:09:11Z",
        "updated_at": "2018-09-18T20:01:42Z",
        "last_entry_id": 574271
    },
    "feeds": [
        {
            "created_at": "2024-07-11T10:49:29Z",
            "entry_id": 574271,
            "field1": "25.30",
            "field2": "70.70    "
        }
    ]
}