{
    "channel": {
        "id": 578273,
        "name": "OpenOffice",
        "latitude": "0.0",
        "longitude": "0.0",
        "field1": "Temperature",
        "field2": "Humidity",
        "created_at": "2018-09-18T20:38:26Z",
        "updated_at": "2018-09-19T10:24:59Z",
        "last_entry_id": 1233037
    },
    "feeds": [
        {
            "created_at": "2021-03-31T21:11:03Z",
            "entry_id": 1233037,
            "field1": "24.10",
            "field2": "29.60"
        }
    ]
}