{
    "channel": {
        "id": 578592,
        "name": "Flood Prediction",
        "latitude": "0.0",
        "longitude": "0.0",
        "field1": "Pressure",
        "field2": "Temperature",
        "created_at": "2018-09-19T07:06:28Z",
        "updated_at": "2018-09-19T08:46:04Z",
        "last_entry_id": 23
    },
    "feeds": [
        {
            "created_at": "2018-10-04T11:05:27Z",
            "entry_id": 23,
            "field1": "29.61",
            "field2": "26.88"
        }
    ]
}