{
    "channel": {
        "id": 580084,
        "name": "watering system",
        "latitude": "0.0",
        "longitude": "0.0",
        "field1": "Temp",
        "field2": "Humidity",
        "field3": "Soil Moisture",
        "created_at": "2018-09-21T00:50:36Z",
        "updated_at": "2018-09-21T00:50:36Z",
        "last_entry_id": 337
    },
    "feeds": [
        {
            "created_at": "2018-09-21T02:51:50Z",
            "entry_id": 337,
            "field1": "24.10",
            "field2": "64.20",
            "field3": "-62    "
        }
    ]
}