{
    "channel": {
        "id": 580969,
        "name": "Sensor Data",
        "latitude": "0.0",
        "longitude": "0.0",
        "field1": "Temperature",
        "field2": "Humidity",
        "field3": "Light",
        "created_at": "2018-09-22T06:44:39Z",
        "updated_at": "2018-09-22T06:44:39Z",
        "last_entry_id": 1
    },
    "feeds": [
        {
            "created_at": "2018-09-22T07:09:41Z",
            "entry_id": 1,
            "field1": "99",
            "field2": "30",
            "field3": "20"
        }
    ]
}