{
    "channel": {
        "id": 583597,
        "name": "ESP8266_BMP280",
        "description": "ESP8266 mit BMP280",
        "latitude": "0.0",
        "longitude": "0.0",
        "field1": "Temp",
        "field2": "Pressure",
        "created_at": "2018-09-25T22:25:03Z",
        "updated_at": "2020-05-18T21:04:06Z",
        "last_entry_id": 146869
    },
    "feeds": [
        {
            "created_at": "2023-02-19T20:03:51Z",
            "entry_id": 146869,
            "field1": "20.55000",
            "field2": "1012.62659"
        }
    ]
}