{
    "channel": {
        "id": 584087,
        "name": "Key_T_H_25",
        "description": "Dobong Mt. Community Center Temp. & Humi",
        "latitude": "37.6885289",
        "longitude": "127.0420959",
        "field1": "Temperature",
        "field2": "Humidity",
        "created_at": "2018-09-26T14:44:34Z",
        "updated_at": "2018-10-03T13:25:12Z",
        "elevation": "19.3",
        "last_entry_id": 376
    },
    "feeds": [
        {
            "created_at": "2019-01-26T04:46:50Z",
            "entry_id": 376,
            "field1": "25.00",
            "field2": "12.00    "
        }
    ]
}