{
    "channel": {
        "id": 585439,
        "name": "Room Monitoring system",
        "description": "A temperature sensor for monitoring room temperature",
        "latitude": "0.0",
        "longitude": "0.0",
        "field1": "temperature",
        "field2": "Humidity",
        "created_at": "2018-09-28T08:03:37Z",
        "updated_at": "2018-09-28T08:03:37Z",
        "last_entry_id": 6
    },
    "feeds": [
        {
            "created_at": "2018-09-28T08:26:01Z",
            "entry_id": 6,
            "field1": "70",
            "field2": "50"
        }
    ]
}