{
    "channel": {
        "id": 597218,
        "name": "Temperatur Anton [\u00b0C]",
        "latitude": "0.0",
        "longitude": "0.0",
        "field1": "Temperature",
        "field2": "Humidity",
        "created_at": "2018-10-07T17:51:20Z",
        "updated_at": "2018-10-07T18:31:20Z",
        "last_entry_id": 6489
    },
    "feeds": [
        {
            "created_at": "2018-10-24T08:51:44Z",
            "entry_id": 6489,
            "field1": "25.10000",
            "field2": null
        }
    ]
}