{
    "channel": {
        "id": 599601,
        "name": "estacion metereologica",
        "latitude": "0.0",
        "longitude": "0.0",
        "field2": "Temperatura",
        "field3": "Humedad",
        "created_at": "2018-10-11T01:52:19Z",
        "updated_at": "2018-10-12T01:42:15Z",
        "last_entry_id": 203
    },
    "feeds": [
        {
            "created_at": "2018-10-12T17:22:14Z",
            "entry_id": 203,
            "field2": "22",
            "field3": "17    "
        }
    ]
}