{
    "channel": {
        "id": 608867,
        "name": "Demo1",
        "description": "A demo for greenhouse project receiving multiple sensors data from nodeMCU via Wifi  ",
        "latitude": "0.0",
        "longitude": "0.0",
        "field1": "Temperature",
        "field2": "Humidity",
        "field3": "Soil Moisture",
        "created_at": "2018-10-24T05:08:05Z",
        "updated_at": "2018-10-24T06:53:00Z",
        "last_entry_id": 37
    },
    "feeds": [
        {
            "created_at": "2018-10-24T10:12:37Z",
            "entry_id": 37,
            "field1": "27.40",
            "field2": "51.70",
            "field3": null
        }
    ]
}