{
    "channel": {
        "id": 613416,
        "name": "IoT",
        "description": "light, temperature, humidity",
        "latitude": "0.0",
        "longitude": "0.0",
        "field1": "Light",
        "field2": "Temperature",
        "field3": "Humidity",
        "created_at": "2018-10-29T05:16:33Z",
        "updated_at": "2018-10-29T05:20:38Z",
        "last_entry_id": 2307
    },
    "feeds": [
        {
            "created_at": "2018-11-02T09:43:24Z",
            "entry_id": 2307,
            "field1": "761",
            "field2": "27.00",
            "field3": "17.00"
        }
    ]
}