{
    "channel": {
        "id": 620357,
        "name": "ESP8266@Milliloft",
        "description": "Hitaskynjari \u00e1 milliloft",
        "latitude": "0.0",
        "longitude": "0.0",
        "field1": "Temperature",
        "field2": "Humidity",
        "created_at": "2018-11-06T19:28:43Z",
        "updated_at": "2018-11-08T16:40:51Z",
        "last_entry_id": 1818
    },
    "feeds": [
        {
            "created_at": "2018-11-20T22:06:23Z",
            "entry_id": 1818,
            "field1": "22.20",
            "field2": "53.00    "
        }
    ]
}