{
    "channel": {
        "id": 620422,
        "name": "Tarea sensor de temperatura humedad",
        "latitude": "0.0",
        "longitude": "0.0",
        "field1": "Temperatura",
        "field2": "Humedad",
        "created_at": "2018-11-06T20:58:00Z",
        "updated_at": "2018-11-06T20:58:00Z",
        "last_entry_id": 373
    },
    "feeds": [
        {
            "created_at": "2018-12-06T15:52:40Z",
            "entry_id": 373,
            "field1": "19",
            "field2": "73"
        }
    ]
}