{
    "channel": {
        "id": 623501,
        "name": "WEATHER-SL",
        "description": "Weather station data ",
        "latitude": "54.5328958",
        "longitude": "9.5685752",
        "field1": "Temperature",
        "field2": "Humidity",
        "field3": "Pressure",
        "created_at": "2018-11-10T15:17:57Z",
        "updated_at": "2019-01-04T13:59:40Z",
        "last_entry_id": 2759950
    },
    "feeds": [
        {
            "created_at": "2024-07-20T23:18:08Z",
            "entry_id": 2759950,
            "field1": "18.73",
            "field2": "73.69",
            "field3": "1007.80 "
        }
    ]
}