{
    "channel": {
        "id": 623632,
        "name": "MSWeather",
        "description": "MyStation",
        "latitude": "0.0",
        "longitude": "0.0",
        "field1": "Temperature",
        "field2": "Humidity",
        "field3": "Light",
        "field4": "Atmosphere",
        "created_at": "2018-11-10T20:30:07Z",
        "updated_at": "2018-11-10T20:30:07Z",
        "last_entry_id": 17271
    },
    "feeds": [
        {
            "created_at": "2024-07-14T21:09:25Z",
            "entry_id": 17271,
            "field1": "23",
            "field2": "61",
            "field3": "10",
            "field4": "96682"
        }
    ]
}