{
    "channel": {
        "id": 623976,
        "name": "WILDPANDA'S FIRST WIRELESS WEATHER STATION",
        "latitude": "0.0",
        "longitude": "0.0",
        "field1": "Humidity",
        "field2": "Temperature",
        "created_at": "2018-11-11T12:41:47Z",
        "updated_at": "2018-11-16T08:00:09Z",
        "last_entry_id": 7640
    },
    "feeds": [
        {
            "created_at": "2018-11-22T00:07:14Z",
            "entry_id": 7640,
            "field1": "73.40",
            "field2": "38.00"
        }
    ]
}