{
    "channel": {
        "id": 629793,
        "name": "DHT11",
        "description": "Measures humidity and temperature of the surrounding",
        "latitude": "2.194418",
        "longitude": "102.249063",
        "field1": "Temperature",
        "field2": "Humidity",
        "created_at": "2018-11-17T06:03:05Z",
        "updated_at": "2018-12-09T12:03:51Z",
        "elevation": "13m / 43feet",
        "last_entry_id": 1039
    },
    "feeds": [
        {
            "created_at": "2018-12-12T07:56:15Z",
            "entry_id": 1039,
            "field1": null,
            "field2": "91"
        }
    ]
}