{
    "channel": {
        "id": 646860,
        "name": "MONITORING SUHU KNEADER",
        "description": "PT.IRC INOAC INDONESIA",
        "latitude": "0.0",
        "longitude": "0.0",
        "field2": "TEMPERATURE",
        "created_at": "2018-12-08T07:02:29Z",
        "updated_at": "2018-12-13T11:21:34Z",
        "last_entry_id": 9709
    },
    "feeds": [
        {
            "created_at": "2018-12-19T15:03:25Z",
            "entry_id": 9709,
            "field2": "31.00000"
        }
    ]
}