{
    "channel": {
        "id": 666002,
        "name": "Smart Soil",
        "latitude": "0.0",
        "longitude": "0.0",
        "field1": "Soil Moisture",
        "field2": "Temperature",
        "field3": "Light",
        "field4": "Humidity",
        "created_at": "2018-12-31T17:51:57Z",
        "updated_at": "2018-12-31T17:52:02Z",
        "last_entry_id": 37
    },
    "feeds": [
        {
            "created_at": "2019-06-24T23:19:29Z",
            "entry_id": 37,
            "field1": "1024",
            "field2": "25",
            "field3": "77",
            "field4": "77"
        }
    ]
}