{
    "channel": {
        "id": 680659,
        "name": "Office co2",
        "description": "Portable co2 meter",
        "latitude": "0.0",
        "longitude": "0.0",
        "field1": "co2",
        "field2": "temp",
        "created_at": "2019-01-17T21:03:33Z",
        "updated_at": "2020-03-24T05:55:41Z",
        "last_entry_id": 17651
    },
    "feeds": [
        {
            "created_at": "2022-09-23T08:49:47Z",
            "entry_id": 17651,
            "field1": "476",
            "field2": "24"
        }
    ]
}