{
    "channel": {
        "id": 682540,
        "name": "R+H  LCD + nodemcu",
        "latitude": "0.0",
        "longitude": "0.0",
        "field1": "HUMIDITY",
        "field2": "TEMPERATURE",
        "created_at": "2019-01-19T18:56:28Z",
        "updated_at": "2019-11-03T02:50:10Z",
        "last_entry_id": 160138
    },
    "feeds": [
        {
            "created_at": "2024-07-21T00:19:43Z",
            "entry_id": 160138,
            "field1": "84.70",
            "field2": "29.20"
        }
    ]
}