{
    "channel": {
        "id": 682665,
        "name": "Oops!a",
        "description": "To monitor humidity and temperature in home",
        "latitude": "0.0",
        "longitude": "0.0",
        "field1": "Humidity",
        "field2": "Temperature",
        "created_at": "2019-01-20T04:46:35Z",
        "updated_at": "2019-01-20T06:02:03Z",
        "last_entry_id": 13
    },
    "feeds": [
        {
            "created_at": "2019-01-20T07:02:01Z",
            "entry_id": 13,
            "field1": "77",
            "field2": "24"
        }
    ]
}