{
    "channel": {
        "id": 697667,
        "name": "CO2 sensor",
        "description": "ESP8266+MH-Z19B",
        "latitude": "0.0",
        "longitude": "0.0",
        "field1": "CO2",
        "field2": "Temperature",
        "created_at": "2019-02-07T19:59:43Z",
        "updated_at": "2019-02-20T16:26:21Z",
        "last_entry_id": 118837
    },
    "feeds": [
        {
            "created_at": "2019-03-22T03:52:46Z",
            "entry_id": 118837,
            "field1": "0",
            "field2": "0.00000"
        }
    ]
}