{
    "channel": {
        "id": 726683,
        "name": "GEC Ajmer IOT Workshop",
        "latitude": "0.0",
        "longitude": "0.0",
        "field1": "Temperature",
        "field2": "Humidity",
        "created_at": "2019-03-12T05:52:21Z",
        "updated_at": "2019-03-12T05:53:01Z",
        "last_entry_id": 81
    },
    "feeds": [
        {
            "created_at": "2019-03-12T06:25:52Z",
            "entry_id": 81,
            "field1": "5",
            "field2": "6.0"
        }
    ]
}