{
    "channel": {
        "id": 728794,
        "name": "DHT11",
        "description": "Monitoring Temperature",
        "latitude": "0.0",
        "longitude": "0.0",
        "field1": "Temp",
        "field2": "Humidity",
        "created_at": "2019-03-14T04:32:29Z",
        "updated_at": "2019-03-14T04:51:23Z",
        "last_entry_id": 1340
    },
    "feeds": [
        {
            "created_at": "2019-04-03T09:16:39Z",
            "entry_id": 1340,
            "field1": "38.00000",
            "field2": null
        }
    ]
}