{
    "channel": {
        "id": 744677,
        "name": "Room A",
        "description": "Indoor Temperature and Humidity from DHT11",
        "latitude": "9.912249",
        "longitude": "-84.027466",
        "field1": "Temperature",
        "field2": "Humidity",
        "created_at": "2019-03-29T03:37:18Z",
        "updated_at": "2019-03-29T04:29:27Z",
        "elevation": "1200",
        "last_entry_id": 228040
    },
    "feeds": [
        {
            "created_at": "2019-12-09T01:58:47Z",
            "entry_id": 228040,
            "field1": "21.00",
            "field2": "47.00"
        }
    ]
}