{
    "channel": {
        "id": 747294,
        "name": "Sensor-Channel",
        "latitude": "0.0",
        "longitude": "0.0",
        "field1": "Temperature",
        "field2": "Humidity",
        "created_at": "2019-04-01T06:15:06Z",
        "updated_at": "2019-04-01T06:15:20Z",
        "last_entry_id": 17
    },
    "feeds": [
        {
            "created_at": "2019-04-01T06:43:48Z",
            "entry_id": 17,
            "field1": "32.80",
            "field2": "24.40"
        }
    ]
}