{
    "channel": {
        "id": 750874,
        "name": "Environment",
        "latitude": "0.0",
        "longitude": "0.0",
        "field1": "Humidity",
        "field2": "Temperature",
        "created_at": "2019-04-04T17:07:27Z",
        "updated_at": "2019-04-04T19:27:28Z",
        "last_entry_id": 185
    },
    "feeds": [
        {
            "created_at": "2019-04-07T10:00:41Z",
            "entry_id": 185,
            "field1": "99.9000015259",
            "field2": "19.7999992371"
        }
    ]
}