{
    "channel": {
        "id": 754380,
        "name": "CTEA Madh 11th Oct  2019",
        "description": "Weather Monitoring with RaspberryPi and DHT11 Sensor",
        "latitude": "0.0",
        "longitude": "0.0",
        "field1": "Temperature",
        "field2": "Humidity",
        "created_at": "2019-04-09T10:55:33Z",
        "updated_at": "2019-10-11T03:18:42Z",
        "last_entry_id": 11
    },
    "feeds": [
        {
            "created_at": "2019-10-11T10:27:02Z",
            "entry_id": 11,
            "field1": "24.00",
            "field2": "86.00"
        }
    ]
}