{
    "channel": {
        "id": 760774,
        "name": "Room Stat",
        "description": "Arduino data",
        "latitude": "0.0",
        "longitude": "0.0",
        "field1": "Temperature",
        "field2": "Pressure",
        "field3": "Humidity",
        "created_at": "2019-04-17T10:53:13Z",
        "updated_at": "2019-04-18T05:50:28Z",
        "last_entry_id": 608083
    },
    "feeds": [
        {
            "created_at": "2019-12-07T04:43:15Z",
            "entry_id": 608083,
            "field1": "27.23000",
            "field2": "1018.05237",
            "field3": "55.15137"
        }
    ]
}