{
    "channel": {
        "id": 761959,
        "name": "\u0110\u1ed3 \u00e1n Thi\u1ebft k\u1ebf H\u1ec7 th\u1ed1ng nh\u00fang",
        "description": "1 con ESP8266 \u0111o c\u1ea3m bi\u1ebfn r\u1ed3i g\u1eedi \u0111\u1ebfn 1 con ESP8266, r\u1ed3i con ESP8266 th\u1ee9 2 chuy\u1ec3n ti\u1ebfp d\u1eef li\u1ec7u \u0111\u1ebfn 1 con ESP8266 n\u1eefa.",
        "latitude": "0.0",
        "longitude": "0.0",
        "field1": "Temperature",
        "field2": "Humidity",
        "field3": "Gas",
        "created_at": "2019-04-18T15:11:28Z",
        "updated_at": "2019-05-14T09:27:58Z",
        "last_entry_id": 27
    },
    "feeds": [
        {
            "created_at": "2019-05-21T09:18:09Z",
            "entry_id": 27,
            "field1": "28.3",
            "field2": "65.0",
            "field3": "1.0"
        }
    ]
}