{
    "channel": {
        "id": 762440,
        "name": "led",
        "latitude": "0.0",
        "longitude": "0.0",
        "field1": "led1",
        "field2": "led2",
        "field3": "led3",
        "created_at": "2019-04-19T12:25:03Z",
        "updated_at": "2019-04-19T12:33:21Z",
        "last_entry_id": 69
    },
    "feeds": [
        {
            "created_at": "2019-04-25T07:43:56Z",
            "entry_id": 69,
            "field1": null,
            "field2": null,
            "field3": "1"
        }
    ]
}