{
    "channel": {
        "id": 785826,
        "name": "mc226 farm",
        "latitude": "0.0",
        "longitude": "0.0",
        "field1": "Soil Moisture",
        "field2": "Temperature",
        "field3": "Light",
        "field4": "Humidity",
        "created_at": "2019-05-22T04:39:12Z",
        "updated_at": "2020-01-23T04:16:21Z",
        "last_entry_id": 37352
    },
    "feeds": [
        {
            "created_at": "2021-08-19T07:47:55Z",
            "entry_id": 37352,
            "field1": "699",
            "field2": "22",
            "field3": "0",
            "field4": "62"
        }
    ]
}