{
    "channel": {
        "id": 786211,
        "name": "Monitoring  Soil Moisture of TOMATO Plants with Internet_Of_Things",
        "description": "Soilmoisture",
        "latitude": "0.0",
        "longitude": "0.0",
        "field1": "Humidity",
        "created_at": "2019-05-22T13:53:18Z",
        "updated_at": "2019-05-22T14:58:42Z",
        "last_entry_id": 1495
    },
    "feeds": [
        {
            "created_at": "2019-07-16T04:51:40Z",
            "entry_id": 1495,
            "field1": "1024    "
        }
    ]
}