{
    "channel": {
        "id": 792156,
        "name": "Wemos D1 Temperature",
        "description": "Temperature and humidity collected from indoor.",
        "latitude": "0.0",
        "longitude": "0.0",
        "field1": "temperature",
        "field2": "humidity",
        "created_at": "2019-05-31T16:37:34Z",
        "updated_at": "2019-06-04T17:58:35Z",
        "elevation": "280 m",
        "last_entry_id": 1880
    },
    "feeds": [
        {
            "created_at": "2019-06-06T08:44:26Z",
            "entry_id": 1880,
            "field1": "23.2",
            "field2": "56.0"
        }
    ]
}