{
    "channel": {
        "id": 805083,
        "name": "Status Datacenter",
        "description": "Projeto de medidor de temperatura de um datacenter.",
        "latitude": "-23.1791",
        "longitude": "-45.8872",
        "field1": "Temperatura",
        "created_at": "2019-06-19T14:39:07Z",
        "updated_at": "2019-06-25T01:08:30Z",
        "last_entry_id": 7167
    },
    "feeds": [
        {
            "created_at": "2019-06-27T09:50:31Z",
            "entry_id": 7167,
            "field1": "24.90"
        }
    ]
}