{
    "channel": {
        "id": 806616,
        "name": "ESP8266 Send Data",
        "description": "Wifi IoT DAQ",
        "latitude": "0.0",
        "longitude": "0.0",
        "field1": "Voltage",
        "field2": "Current",
        "field3": "Temperature",
        "created_at": "2019-06-21T09:09:28Z",
        "updated_at": "2024-07-03T04:51:09Z",
        "last_entry_id": 42587
    },
    "feeds": [
        {
            "created_at": "2024-07-17T10:35:27Z",
            "entry_id": 42587,
            "field1": "4",
            "field2": "21.30000",
            "field3": "69.80000"
        }
    ]
}