{
    "channel": {
        "id": 809721,
        "name": "Thingyone",
        "description": "I dont know",
        "latitude": "0.0",
        "longitude": "0.0",
        "field1": "Temperature",
        "field2": "Humidity",
        "field3": "Light",
        "field4": "Atmosphere",
        "created_at": "2019-06-25T11:24:10Z",
        "updated_at": "2019-06-25T11:24:33Z",
        "last_entry_id": 664
    },
    "feeds": [
        {
            "created_at": "2020-02-10T12:08:51Z",
            "entry_id": 664,
            "field1": "23",
            "field2": "54",
            "field3": "74",
            "field4": "101175"
        }
    ]
}