{
    "channel": {
        "id": 809864,
        "name": "Relay Control 2",
        "latitude": "0.0",
        "longitude": "0.0",
        "field1": "led1",
        "field2": "led2",
        "field3": "led3",
        "created_at": "2019-06-25T17:26:48Z",
        "updated_at": "2019-06-27T16:07:39Z",
        "last_entry_id": 95
    },
    "feeds": [
        {
            "created_at": "2019-06-27T16:49:11Z",
            "entry_id": 95,
            "field1": "1",
            "field2": "1",
            "field3": "1"
        }
    ]
}