{
    "channel": {
        "id": 814539,
        "name": "Weather",
        "description": "Temperature in vla\u017enost v u\u010dilnici",
        "latitude": "0.0",
        "longitude": "0.0",
        "field1": "Temperature",
        "field2": "Humidity",
        "created_at": "2019-07-02T10:50:56Z",
        "updated_at": "2019-07-04T07:10:37Z",
        "last_entry_id": 2
    },
    "feeds": [
        {
            "created_at": "2019-07-04T07:11:11Z",
            "entry_id": 2,
            "field1": "25.3",
            "field2": "62.4"
        }
    ]
}