{
    "channel": {
        "id": 815684,
        "name": "Medicion Temperatura y Humedad",
        "description": "Validaci\u00f3n Lectiva Profundizaci\u00f3n",
        "latitude": "0.0",
        "longitude": "0.0",
        "field1": "Temperatura",
        "field2": "Humedad",
        "created_at": "2019-07-03T14:33:59Z",
        "updated_at": "2019-07-03T14:36:38Z",
        "last_entry_id": 46
    },
    "feeds": [
        {
            "created_at": "2019-07-04T23:14:56Z",
            "entry_id": 46,
            "field1": "0.00",
            "field2": "34"
        }
    ]
}