{
    "channel": {
        "id": 829207,
        "name": "Temperatube & Humidity",
        "description": "dht22",
        "latitude": "0.0",
        "longitude": "0.0",
        "field1": "Temperature",
        "field2": "Humidity",
        "created_at": "2019-07-21T08:52:54Z",
        "updated_at": "2019-07-21T08:53:02Z",
        "last_entry_id": 26
    },
    "feeds": [
        {
            "created_at": "2019-08-02T12:41:02Z",
            "entry_id": 26,
            "field1": "32.40",
            "field2": "87.00"
        }
    ]
}