{
    "channel": {
        "id": 839181,
        "name": "Monitoring pH",
        "description": "Monitoring pH   7 Impian Bersama",
        "latitude": "-8.1552898",
        "longitude": "113.693922",
        "field1": "pH",
        "created_at": "2019-08-02T06:36:09Z",
        "updated_at": "2019-12-16T10:45:09Z",
        "last_entry_id": 606
    },
    "feeds": [
        {
            "created_at": "2020-02-18T08:39:21Z",
            "entry_id": 606,
            "field1": "1853.3"
        }
    ]
}