{
    "channel": {
        "id": 856584,
        "name": "\u00d6vervintring",
        "latitude": "0.0",
        "longitude": "0.0",
        "field1": "Temperature",
        "field2": "Humidity",
        "field3": "Light",
        "created_at": "2019-08-31T18:31:03Z",
        "updated_at": "2022-02-20T06:53:23Z",
        "last_entry_id": 18492
    },
    "feeds": [
        {
            "created_at": "2024-07-21T06:56:03Z",
            "entry_id": 18492,
            "field1": "18.81",
            "field2": "0",
            "field3": "0    "
        }
    ]
}