{
    "channel": {
        "id": 860361,
        "name": "ESP8266-DHT11",
        "description": "Weather Station",
        "latitude": "0.0",
        "longitude": "0.0",
        "field1": "Temperature",
        "field2": "Humidity",
        "field3": "Light",
        "field4": "Atmosphere",
        "created_at": "2019-09-08T20:09:53Z",
        "updated_at": "2019-09-08T20:10:03Z",
        "last_entry_id": 68
    },
    "feeds": [
        {
            "created_at": "2020-01-11T20:17:15Z",
            "entry_id": 68,
            "field1": "18",
            "field2": "54",
            "field3": "0",
            "field4": "234099"
        }
    ]
}