{
    "channel": {
        "id": 861156,
        "name": "ESP8266_LED",
        "description": "led control using  web through IOT",
        "latitude": "0.0",
        "longitude": "0.0",
        "field1": "led1",
        "field2": "led2",
        "field3": "led3",
        "created_at": "2019-09-10T08:52:27Z",
        "updated_at": "2019-09-10T08:53:14Z",
        "last_entry_id": 1
    },
    "feeds": [
        {
            "created_at": "2019-09-11T06:16:46Z",
            "entry_id": 1,
            "field1": "1",
            "field2": "1",
            "field3": "1"
        }
    ]
}