{
    "channel": {
        "id": 868244,
        "name": "Temperatue and humidity monitor",
        "description": "ESP32 + DHT22;   For monitoring temperature and humidity inside a summer house",
        "latitude": "0.0",
        "longitude": "0.0",
        "field1": "Temperature",
        "field2": "Humidity",
        "created_at": "2019-09-21T04:03:54Z",
        "updated_at": "2019-09-29T08:24:04Z",
        "last_entry_id": 87353
    },
    "feeds": [
        {
            "created_at": "2020-12-10T18:22:57Z",
            "entry_id": 87353,
            "field1": "2.00000",
            "field2": "56.50000"
        }
    ]
}