{
    "channel": {
        "id": 879455,
        "name": "fakhrularzahar",
        "latitude": "0.0",
        "longitude": "0.0",
        "field1": "Humidity",
        "field2": "Temperature",
        "created_at": "2019-10-06T06:45:52Z",
        "updated_at": "2019-10-06T06:46:15Z",
        "last_entry_id": 1491
    },
    "feeds": [
        {
            "created_at": "2019-10-14T02:19:40Z",
            "entry_id": 1491,
            "field1": "45.00",
            "field2": "24.00"
        }
    ]
}