{
    "channel": {
        "id": 879546,
        "name": "Weather Station",
        "latitude": "0.0",
        "longitude": "0.0",
        "field1": "Temperature",
        "field2": "Humidity",
        "created_at": "2019-10-06T11:34:02Z",
        "updated_at": "2019-10-06T11:34:39Z",
        "last_entry_id": 3024
    },
    "feeds": [
        {
            "created_at": "2019-10-07T03:38:53Z",
            "entry_id": 3024,
            "field1": "22.200001",
            "field2": "61.000000"
        }
    ]
}