{
    "channel": {
        "id": 88416,
        "name": "TAASI_New",
        "latitude": "0.0",
        "longitude": "0.0",
        "field1": "Temperature",
        "field2": "Current",
        "created_at": "2016-02-15T21:58:26Z",
        "updated_at": "2016-02-27T22:28:34Z",
        "last_entry_id": 42882
    },
    "feeds": [
        {
            "created_at": "2016-02-27T22:28:34Z",
            "entry_id": 42882,
            "field1": "68.193",
            "field2": "0.718"
        }
    ]
}