{
    "channel": {
        "id": 898378,
        "name": "Sonoff TH16",
        "latitude": "0.0",
        "longitude": "0.0",
        "field1": "Temperatura",
        "field2": "Humedad",
        "created_at": "2019-10-30T17:32:03Z",
        "updated_at": "2019-11-08T17:41:38Z",
        "last_entry_id": 1590020
    },
    "feeds": [
        {
            "created_at": "2020-10-01T08:07:03Z",
            "entry_id": 1590020,
            "field1": "20.00000",
            "field2": "73.40000"
        }
    ]
}