{
    "channel": {
        "id": 898509,
        "name": "SCTE",
        "description": "TRABALHO DE CONCLUS\u00c3O DE CURSO  Universidade Paulista- UNIP CAMPUS MANAUS    Sistema de controle de temperatura para uma estufa via iot controle autom\u00e1tico de temperatura    RA: D1177E-0: Edson Jos\u00e9 Wallacy Brandes Pinto  RA:C687IA-5: Marcos Alves Lisboa ",
        "latitude": "0.0",
        "longitude": "0.0",
        "field1": "Temperatura",
        "field2": "Umidade",
        "created_at": "2019-10-31T00:12:15Z",
        "updated_at": "2019-12-02T18:49:32Z",
        "last_entry_id": 889
    },
    "feeds": [
        {
            "created_at": "2019-12-14T02:28:35Z",
            "entry_id": 889,
            "field1": "32.70",
            "field2": "63.00"
        }
    ]
}