{
    "channel": {
        "id": 903170,
        "name": "Weather reporting system",
        "description": "IOT audit course",
        "latitude": "0.0",
        "longitude": "0.0",
        "field1": "Temperature",
        "field2": "Humidity",
        "created_at": "2019-11-05T17:21:45Z",
        "updated_at": "2019-11-05T17:22:37Z",
        "last_entry_id": 16
    },
    "feeds": [
        {
            "created_at": "2019-11-07T07:14:05Z",
            "entry_id": 16,
            "field1": "32.0",
            "field2": "68.0"
        }
    ]
}