{
    "channel": {
        "id": 906578,
        "name": "Sensor de temperatura  y humedad DHT11",
        "description": "Sensor de temperatura  y humedad Universidad Cat\u00f3lica de Colombia.",
        "latitude": "0.0",
        "longitude": "0.0",
        "field1": "Temperatura",
        "field2": "Humedad",
        "created_at": "2019-11-09T01:49:22Z",
        "updated_at": "2019-11-12T17:23:10Z",
        "last_entry_id": 131
    },
    "feeds": [
        {
            "created_at": "2019-11-12T18:10:31Z",
            "entry_id": 131,
            "field1": "23",
            "field2": "63"
        }
    ]
}