{
    "channel": {
        "id": 914047,
        "name": "DHT11 with Ethernet Sheild",
        "description": "Iqbal",
        "latitude": "0.0",
        "longitude": "0.0",
        "field1": "Temperature",
        "field2": "Humidity",
        "created_at": "2019-11-18T07:22:11Z",
        "updated_at": "2019-11-18T08:09:26Z",
        "last_entry_id": 329
    },
    "feeds": [
        {
            "created_at": "2019-12-24T06:40:13Z",
            "entry_id": 329,
            "field1": "20",
            "field2": "82"
        }
    ]
}