{
    "channel": {
        "id": 928650,
        "name": "Temperatura LM35",
        "description": "Envio da temperatura via sensor LM35",
        "latitude": "-8.28139",
        "longitude": "-35.9735",
        "field1": "temperatura",
        "created_at": "2019-12-04T12:57:29Z",
        "updated_at": "2019-12-04T13:31:56Z",
        "last_entry_id": 365
    },
    "feeds": [
        {
            "created_at": "2019-12-04T19:00:03Z",
            "entry_id": 365,
            "field1": "28.03711"
        }
    ]
}