{
    "channel": {
        "id": 944272,
        "name": "ESP8266 Temp/Humi",
        "description": "ESP8266 Temp/Humi",
        "latitude": "37.375707",
        "longitude": "126.667952",
        "field1": "Temperature",
        "field2": "Humidity",
        "created_at": "2019-12-23T06:23:56Z",
        "updated_at": "2019-12-23T07:57:25Z",
        "last_entry_id": 676
    },
    "feeds": [
        {
            "created_at": "2019-12-24T05:05:01Z",
            "entry_id": 676,
            "field1": "25.10000",
            "field2": "20.00000"
        }
    ]
}