{
    "channel": {
        "id": 946166,
        "name": "ESP8266-DHT11",
        "description": "Temperature Sensor project",
        "latitude": "64.6938096",
        "longitude": "21.2264543",
        "field1": "Temperature",
        "field2": "Humidity",
        "field3": "Light",
        "field4": "Atmosphere",
        "created_at": "2019-12-26T19:40:31Z",
        "updated_at": "2019-12-26T19:41:01Z",
        "last_entry_id": 2845
    },
    "feeds": [
        {
            "created_at": "2022-02-27T10:42:33Z",
            "entry_id": 2845,
            "field1": "22",
            "field2": "29",
            "field3": "0",
            "field4": "102118"
        }
    ]
}