{
    "channel": {
        "id": 951837,
        "name": "ICD-E Weather",
        "description": "Weather",
        "latitude": "51.34",
        "longitude": "12.37",
        "field1": "Temperature",
        "field2": "Humidity",
        "field3": "Light",
        "field4": "Atmosphere",
        "created_at": "2020-01-04T20:55:11Z",
        "updated_at": "2020-01-04T21:34:14Z",
        "last_entry_id": 141670
    },
    "feeds": [
        {
            "created_at": "2023-06-26T15:26:33Z",
            "entry_id": 141670,
            "field1": "27",
            "field2": "49",
            "field3": "0",
            "field4": "233053"
        }
    ]
}