{
    "channel": {
        "id": 966504,
        "name": "Temperatursensor",
        "latitude": "0.0",
        "longitude": "0.0",
        "field1": "Humidity",
        "field2": "Temperature",
        "created_at": "2020-01-21T11:59:27Z",
        "updated_at": "2020-05-28T19:46:46Z",
        "last_entry_id": 41275
    },
    "feeds": [
        {
            "created_at": "2020-08-23T23:04:56Z",
            "entry_id": 41275,
            "field1": null,
            "field2": "2.67"
        }
    ]
}