{
    "channel": {
        "id": 98163,
        "name": "Vleugelhok",
        "description": "Temperature and Humidity levels",
        "latitude": "0.0",
        "longitude": "0.0",
        "field1": "Temperature",
        "field2": "Humidity",
        "created_at": "2016-03-12T18:29:50Z",
        "updated_at": "2018-10-10T19:18:11Z",
        "last_entry_id": 2771989
    },
    "feeds": [
        {
            "created_at": "2021-08-12T09:26:11Z",
            "entry_id": 2771989,
            "field1": "20.1",
            "field2": "68.9"
        }
    ]
}