{
    "channel": {
        "id": 994170,
        "name": "Room Weather",
        "description": "Constant monitoring of temperature and humidity of room using DHT 11 Sensor and NodeMCU (ESP8266-12E)",
        "latitude": "0.0",
        "longitude": "0.0",
        "field1": "Temperature",
        "field2": "Humidity",
        "created_at": "2020-02-18T06:19:03Z",
        "updated_at": "2020-02-18T06:40:21Z",
        "last_entry_id": 410
    },
    "feeds": [
        {
            "created_at": "2020-02-29T15:04:25Z",
            "entry_id": 410,
            "field1": "27.00",
            "field2": "60.00"
        }
    ]
}