{
    "channel": {
        "id": 999893,
        "name": "Temperature, humidity, ",
        "description": "Introduction to the world of capturing data from an Arduino from Boston Massachusetts",
        "latitude": "0.0",
        "longitude": "0.0",
        "field1": "Temperature",
        "field2": "Humidity",
        "created_at": "2020-02-24T11:29:48Z",
        "updated_at": "2020-04-12T18:47:11Z",
        "last_entry_id": 5
    },
    "feeds": [
        {
            "created_at": "2020-04-12T18:51:27Z",
            "entry_id": 5,
            "field1": "60",
            "field2": "29.5973597359736"
        }
    ]
}